﻿region,grade,subject,domain,avg_score,pct_below,n_students
Beirut,1,Arabic,الكتابة والتعبير الكتابي,28.0,77.81,640
Beirut,1,Arabic,فهم المقروء,53.68,46.09,640
Beirut,1,Arabic,قراءة جملة,28.97,66.97,657
Beirut,1,Arabic,قراءة كلمات,32.46,61.49,657
Beirut,1,Arabic,معرفة اسم الحرف,50.53,44.29,657
Beirut,1,Arabic,معرفة صوت الحرف,40.92,56.93,657
Beirut,1,English,Letter Recognition,61.72,32.59,580
Beirut,1,English,Reading,30.89,63.79,580
Beirut,1,English,Reading Comprehension,48.27,48.85,567
Beirut,1,English,Sound Recognition,49.7,46.55,580
Beirut,1,English,Word Decoding,25.52,67.24,580
Beirut,1,English,Writing,27.37,77.95,567
Beirut,1,French,Compréhension écrite,37.26,68.92,74
Beirut,1,French,Lecture de mots,7.42,96.1,77
Beirut,1,French,Lecture de mots dans une phrase,9.09,90.91,77
Beirut,1,French,Nom de la lettre,38.2,58.44,77
Beirut,1,French,Son du graphème,33.87,66.23,77
Beirut,1,French,Écriture et Production d’écrits,11.89,94.59,74
Beirut,2,Arabic,الكتابة والتعبير الكتابي,31.26,73.03,723
Beirut,2,Arabic,فهم المقروء,55.01,45.64,723
Beirut,2,Arabic,قراءة كلمات,10.27,100.0,730
Beirut,2,Arabic,قراءة نص,22.27,77.81,730
Beirut,2,Arabic,معرفة صوت الحرف,50.75,48.08,730
Beirut,2,English,Letter Recognition,56.58,40.54,629
Beirut,2,English,Reading Comprehension,46.1,50.91,607
Beirut,2,English,Sound Recognition,47.2,48.01,629
Beirut,2,English,Text Reading,30.39,68.36,629
Beirut,2,English,Word Decoding,22.66,76.63,629
Beirut,2,English,Writing,27.74,75.95,607
Beirut,2,French,Compréhension écrite,37.57,69.0,100
Beirut,2,French,Lecture de mots,37.16,58.82,102
Beirut,2,French,Lecture de texte,16.61,87.25,102
Beirut,2,French,Nom de la lettre,69.61,21.57,102
Beirut,2,French,Son du graphème,59.23,34.31,102
Beirut,2,French,Écriture et Production d’écrits,12.4,92.0,100
Beirut,3,Arabic,الكتابة والتعبير الكتابي,38.57,64.71,697
Beirut,3,Arabic,فهم المقروء,63.62,32.71,697
Beirut,3,Arabic,قراءة كلمات,44.59,46.8,703
Beirut,3,Arabic,قراءة نص,38.92,60.17,703
Beirut,3,Arabic,معرفة صوت الحرف,70.83,24.18,703
Beirut,3,English,Letter Recognition,64.55,30.73,602
Beirut,3,English,Reading Comprehension,51.08,46.17,587
Beirut,3,English,Sound Recognition,54.03,39.04,602
Beirut,3,English,Text Reading,34.32,62.13,602
Beirut,3,English,Word Decoding,28.79,66.45,602
Beirut,3,English,Writing,19.8,89.27,587
Beirut,3,French,Compréhension écrite,65.61,23.01,113
Beirut,3,French,Lecture de mots,45.49,53.1,113
Beirut,3,French,Lecture de texte,22.15,79.65,113
Beirut,3,French,Nom de la lettre,82.52,12.39,113
Beirut,3,French,Son du graphème,64.53,30.97,113
Beirut,3,French,Écriture et Production d’écrits,26.55,80.53,113
Beirut,4,Arabic,الكتابة والتعبير الكتابي,41.03,59.34,851
Beirut,4,Arabic,فهم المقروء,70.45,24.91,851
Beirut,4,Arabic,قراءة كلمات,51.62,39.13,874
Beirut,4,Arabic,معرفة صوت الحرف,69.47,24.26,874
Beirut,4,English,Letter Recognition,79.13,15.63,723
Beirut,4,English,Reading Comprehension,49.47,50.78,709
Beirut,4,English,Sound Recognition,67.0,24.34,723
Beirut,4,English,Text Reading,33.8,59.2,723
Beirut,4,English,Word Decoding,46.07,49.52,723
Beirut,4,English,Writing,31.2,74.75,709
Beirut,4,French,Compréhension écrite,63.64,27.97,143
Beirut,4,French,Lecture de mots,49.06,46.31,149
Beirut,4,French,Lecture de texte,7.11,100.0,149
Beirut,4,French,Nom de la lettre,86.35,6.04,149
Beirut,4,French,Son du graphème,69.02,24.16,149
Beirut,4,French,Écriture et Production d’écrits,26.99,86.01,143
Beirut,5,Arabic,الكتابة والتعبير الكتابي,51.28,44.52,766
Beirut,5,Arabic,فهم المقروء,76.67,18.67,766
Beirut,5,Arabic,قراءة كلمات,61.71,32.73,776
Beirut,5,Arabic,قراءة نص,43.79,53.61,776
Beirut,5,Arabic,معرفة صوت الحرف,70.92,21.91,776
Beirut,5,English,Letter Recognition,83.84,12.52,671
Beirut,5,English,Reading Comprehension,56.78,37.86,663
Beirut,5,English,Sound Recognition,76.4,16.69,671
Beirut,5,English,Text Reading,53.41,40.69,671
Beirut,5,English,Word Decoding,48.75,45.01,671
Beirut,5,English,Writing,35.81,71.34,663
Beirut,5,French,Compréhension écrite,53.85,36.75,117
Beirut,5,French,Lecture de mots,50.5,40.83,120
Beirut,5,French,Lecture de texte,29.05,72.5,120
Beirut,5,French,Nom de la lettre,0.0,100.0,120
Beirut,5,French,Son du graphème,62.99,28.33,120
Beirut,5,French,Écriture et Production d’écrits,20.51,91.45,117
Beirut,6,Arabic,الكتابة والتعبير الكتابي,54.46,40.16,849
Beirut,6,Arabic,فهم المقروء,82.82,12.01,849
Beirut,6,Arabic,قراءة كلمات,62.0,25.41,850
Beirut,6,Arabic,معرفة صوت الحرف,82.05,12.0,850
Beirut,6,English,Letter Recognition,76.28,19.05,698
Beirut,6,English,Reading Comprehension,49.12,47.18,691
Beirut,6,English,Sound Recognition,64.57,25.21,698
Beirut,6,English,Text Reading,47.96,51.43,698
Beirut,6,English,Word Decoding,43.01,49.28,698
Beirut,6,English,Writing,39.51,56.3,691
Beirut,6,French,Compréhension écrite,51.39,44.03,159
Beirut,6,French,Lecture de mots,52.45,42.33,163
Beirut,6,French,Lecture de texte,29.92,66.26,163
Beirut,6,French,Nom de la lettre,90.44,6.13,163
Beirut,6,French,Son du graphème,55.27,32.52,163
Beirut,6,French,Écriture et Production d’écrits,34.38,66.67,159
Bekaa,1,Arabic,الكتابة والتعبير الكتابي,39.3,64.01,2048
Bekaa,1,Arabic,فهم المقروء,62.6,36.13,2048
Bekaa,1,Arabic,قراءة جملة,41.21,53.51,2080
Bekaa,1,Arabic,قراءة كلمات,43.47,47.93,2080
Bekaa,1,Arabic,معرفة اسم الحرف,57.67,36.2,2080
Bekaa,1,Arabic,معرفة صوت الحرف,48.45,49.23,2080
Bekaa,1,English,Letter Recognition,60.75,35.16,1553
Bekaa,1,English,Reading,32.9,61.43,1553
Bekaa,1,English,Reading Comprehension,54.82,42.08,1516
Bekaa,1,English,Sound Recognition,55.8,40.57,1553
Bekaa,1,English,Word Decoding,31.13,62.59,1553
Bekaa,1,English,Writing,37.02,65.04,1516
Bekaa,1,French,Compréhension écrite,54.5,44.11,535
Bekaa,1,French,Lecture de mots,16.44,92.1,557
Bekaa,1,French,Lecture de mots dans une phrase,26.0,71.99,557
Bekaa,1,French,Nom de la lettre,48.41,47.04,557
Bekaa,1,French,Son du graphème,45.92,49.55,557
Bekaa,1,French,Écriture et Production d’écrits,28.82,74.02,535
Bekaa,2,Arabic,الكتابة والتعبير الكتابي,43.29,57.65,2026
Bekaa,2,Arabic,فهم المقروء,65.46,31.74,2026
Bekaa,2,Arabic,قراءة كلمات,12.84,100.0,2106
Bekaa,2,Arabic,قراءة نص,30.38,68.85,2106
Bekaa,2,Arabic,معرفة صوت الحرف,60.42,37.13,2106
Bekaa,2,English,Letter Recognition,66.08,26.69,1555
Bekaa,2,English,Reading Comprehension,52.52,45.78,1503
Bekaa,2,English,Sound Recognition,59.93,32.41,1555
Bekaa,2,English,Text Reading,37.2,59.16,1555
Bekaa,2,English,Word Decoding,30.49,67.65,1555
Bekaa,2,English,Writing,34.03,70.19,1503
Bekaa,2,French,Compréhension écrite,63.36,28.33,533
Bekaa,2,French,Lecture de mots,38.26,57.14,546
Bekaa,2,French,Lecture de texte,26.06,73.26,546
Bekaa,2,French,Nom de la lettre,64.56,29.49,546
Bekaa,2,French,Son du graphème,59.07,31.87,546
Bekaa,2,French,Écriture et Production d’écrits,33.58,69.61,533
Bekaa,3,Arabic,الكتابة والتعبير الكتابي,48.31,51.35,1922
Bekaa,3,Arabic,فهم المقروء,70.72,22.74,1922
Bekaa,3,Arabic,قراءة كلمات,44.95,46.96,2004
Bekaa,3,Arabic,قراءة نص,39.39,63.27,2004
Bekaa,3,Arabic,معرفة صوت الحرف,70.8,24.1,2004
Bekaa,3,English,Letter Recognition,69.98,22.98,1497
Bekaa,3,English,Reading Comprehension,57.15,39.18,1442
Bekaa,3,English,Sound Recognition,62.08,31.2,1497
Bekaa,3,English,Text Reading,40.45,59.25,1497
Bekaa,3,English,Word Decoding,33.07,65.13,1497
Bekaa,3,English,Writing,32.29,74.2,1442
Bekaa,3,French,Compréhension écrite,60.27,30.47,489
Bekaa,3,French,Lecture de mots,40.76,55.17,513
Bekaa,3,French,Lecture de texte,28.52,71.73,513
Bekaa,3,French,Nom de la lettre,75.52,20.66,513
Bekaa,3,French,Son du graphème,58.95,35.48,513
Bekaa,3,French,Écriture et Production d’écrits,30.1,71.98,489
Bekaa,4,Arabic,الكتابة والتعبير الكتابي,48.72,51.04,2106
Bekaa,4,Arabic,فهم المقروء,78.64,15.29,2106
Bekaa,4,Arabic,قراءة كلمات,57.19,31.28,2180
Bekaa,4,Arabic,معرفة صوت الحرف,73.77,19.31,2180
Bekaa,4,English,Letter Recognition,75.46,17.27,1604
Bekaa,4,English,Reading Comprehension,49.59,49.77,1549
Bekaa,4,English,Sound Recognition,67.75,23.5,1604
Bekaa,4,English,Text Reading,26.14,73.69,1604
Bekaa,4,English,Word Decoding,43.88,50.0,1604
Bekaa,4,English,Writing,29.39,78.24,1549
Bekaa,4,French,Compréhension écrite,58.54,35.8,553
Bekaa,4,French,Lecture de mots,48.92,46.47,581
Bekaa,4,French,Lecture de texte,8.39,100.0,581
Bekaa,4,French,Nom de la lettre,75.62,17.38,581
Bekaa,4,French,Son du graphème,63.34,29.09,581
Bekaa,4,French,Écriture et Production d’écrits,21.48,87.34,553
Bekaa,5,Arabic,الكتابة والتعبير الكتابي,59.0,33.93,1801
Bekaa,5,Arabic,فهم المقروء,79.64,14.1,1801
Bekaa,5,Arabic,قراءة كلمات,76.9,13.49,1860
Bekaa,5,Arabic,قراءة نص,59.54,34.41,1860
Bekaa,5,Arabic,معرفة صوت الحرف,83.35,9.35,1860
Bekaa,5,English,Letter Recognition,79.83,15.75,1371
Bekaa,5,English,Reading Comprehension,48.9,48.36,1338
Bekaa,5,English,Sound Recognition,73.01,19.91,1371
Bekaa,5,English,Text Reading,48.61,46.68,1371
Bekaa,5,English,Word Decoding,43.84,50.98,1371
Bekaa,5,English,Writing,26.88,82.74,1338
Bekaa,5,French,Compréhension écrite,60.03,33.12,465
Bekaa,5,French,Lecture de mots,61.59,30.82,477
Bekaa,5,French,Lecture de texte,45.19,54.09,477
Bekaa,5,French,Nom de la lettre,0.0,100.0,477
Bekaa,5,French,Son du graphème,67.0,24.74,477
Bekaa,5,French,Écriture et Production d’écrits,29.55,76.77,465
Bekaa,6,Arabic,الكتابة والتعبير الكتابي,60.05,33.66,1616
Bekaa,6,Arabic,فهم المقروء,83.25,11.08,1616
Bekaa,6,Arabic,قراءة كلمات,66.1,20.12,1645
Bekaa,6,Arabic,معرفة صوت الحرف,81.08,12.34,1645
Bekaa,6,English,Letter Recognition,82.19,12.43,1191
Bekaa,6,English,Reading Comprehension,53.27,42.93,1181
Bekaa,6,English,Sound Recognition,71.84,15.53,1191
Bekaa,6,English,Text Reading,48.68,47.1,1191
Bekaa,6,English,Word Decoding,44.87,47.1,1191
Bekaa,6,English,Writing,42.72,51.82,1181
Bekaa,6,French,Compréhension écrite,56.86,38.36,451
Bekaa,6,French,Lecture de mots,61.51,30.82,451
Bekaa,6,French,Lecture de texte,46.13,53.44,451
Bekaa,6,French,Nom de la lettre,89.73,7.1,451
Bekaa,6,French,Son du graphème,61.25,24.83,451
Bekaa,6,French,Écriture et Production d’écrits,35.59,66.3,451
Mount Lebanon,1,Arabic,الكتابة والتعبير الكتابي,44.0,58.25,2321
Mount Lebanon,1,Arabic,فهم المقروء,67.83,27.88,2321
Mount Lebanon,1,Arabic,قراءة جملة,46.24,46.9,2418
Mount Lebanon,1,Arabic,قراءة كلمات,49.26,40.24,2418
Mount Lebanon,1,Arabic,معرفة اسم الحرف,64.32,27.17,2418
Mount Lebanon,1,Arabic,معرفة صوت الحرف,56.37,38.46,2418
Mount Lebanon,1,English,Letter Recognition,69.69,24.79,1787
Mount Lebanon,1,English,Reading,39.05,52.15,1787
Mount Lebanon,1,English,Reading Comprehension,59.59,37.35,1724
Mount Lebanon,1,English,Sound Recognition,63.43,31.11,1787
Mount Lebanon,1,English,Word Decoding,35.97,56.24,1787
Mount Lebanon,1,English,Writing,46.29,54.41,1724
Mount Lebanon,1,French,Compréhension écrite,67.08,27.24,591
Mount Lebanon,1,French,Lecture de mots,26.79,76.54,618
Mount Lebanon,1,French,Lecture de mots dans une phrase,42.8,49.19,618
Mount Lebanon,1,French,Nom de la lettre,64.17,29.61,618
Mount Lebanon,1,French,Son du graphème,61.21,34.14,618
Mount Lebanon,1,French,Écriture et Production d’écrits,41.93,59.73,591
Mount Lebanon,2,Arabic,الكتابة والتعبير الكتابي,47.67,52.45,2572
Mount Lebanon,2,Arabic,فهم المقروء,70.73,25.27,2572
Mount Lebanon,2,Arabic,قراءة كلمات,14.09,100.0,2643
Mount Lebanon,2,Arabic,قراءة نص,31.41,68.07,2643
Mount Lebanon,2,Arabic,معرفة صوت الحرف,66.4,28.53,2643
Mount Lebanon,2,English,Letter Recognition,77.75,16.74,1935
Mount Lebanon,2,English,Reading Comprehension,61.93,32.43,1881
Mount Lebanon,2,English,Sound Recognition,69.9,22.79,1935
Mount Lebanon,2,English,Text Reading,44.21,52.4,1935
Mount Lebanon,2,English,Word Decoding,41.88,52.35,1935
Mount Lebanon,2,English,Writing,46.0,55.08,1881
Mount Lebanon,2,French,Compréhension écrite,65.05,28.78,688
Mount Lebanon,2,French,Lecture de mots,47.36,46.02,704
Mount Lebanon,2,French,Lecture de texte,31.21,70.88,704
Mount Lebanon,2,French,Nom de la lettre,74.22,20.74,704
Mount Lebanon,2,French,Son du graphème,68.6,22.59,704
Mount Lebanon,2,French,Écriture et Production d’écrits,37.3,65.41,688
Mount Lebanon,3,Arabic,الكتابة والتعبير الكتابي,46.32,52.28,2764
Mount Lebanon,3,Arabic,فهم المقروء,68.56,24.2,2764
Mount Lebanon,3,Arabic,قراءة كلمات,46.92,42.05,2818
Mount Lebanon,3,Arabic,قراءة نص,40.48,60.04,2818
Mount Lebanon,3,Arabic,معرفة صوت الحرف,73.05,22.18,2818
Mount Lebanon,3,English,Letter Recognition,78.15,17.07,2074
Mount Lebanon,3,English,Reading Comprehension,58.33,36.87,2018
Mount Lebanon,3,English,Sound Recognition,67.86,24.73,2074
Mount Lebanon,3,English,Text Reading,45.54,51.98,2074
Mount Lebanon,3,English,Word Decoding,41.43,53.13,2074
Mount Lebanon,3,English,Writing,32.17,73.04,2018
Mount Lebanon,3,French,Compréhension écrite,63.93,27.69,762
Mount Lebanon,3,French,Lecture de mots,54.2,39.16,766
Mount Lebanon,3,French,Lecture de texte,35.79,67.23,766
Mount Lebanon,3,French,Nom de la lettre,80.96,14.36,766
Mount Lebanon,3,French,Son du graphème,66.91,24.15,766
Mount Lebanon,3,French,Écriture et Production d’écrits,36.75,66.54,762
Mount Lebanon,4,Arabic,الكتابة والتعبير الكتابي,49.27,49.18,3162
Mount Lebanon,4,Arabic,فهم المقروء,74.66,19.54,3162
Mount Lebanon,4,Arabic,قراءة كلمات,58.49,30.67,3218
Mount Lebanon,4,Arabic,معرفة صوت الحرف,74.42,18.99,3218
Mount Lebanon,4,English,Letter Recognition,84.01,10.77,2321
Mount Lebanon,4,English,Reading Comprehension,53.84,43.31,2272
Mount Lebanon,4,English,Sound Recognition,71.87,17.92,2321
Mount Lebanon,4,English,Text Reading,36.43,55.19,2321
Mount Lebanon,4,English,Word Decoding,52.34,40.5,2321
Mount Lebanon,4,English,Writing,36.96,66.99,2272
Mount Lebanon,4,French,Compréhension écrite,60.71,34.06,913
Mount Lebanon,4,French,Lecture de mots,60.39,32.5,920
Mount Lebanon,4,French,Lecture de texte,11.61,100.0,920
Mount Lebanon,4,French,Nom de la lettre,83.03,8.59,920
Mount Lebanon,4,French,Son du graphème,72.21,17.07,920
Mount Lebanon,4,French,Écriture et Production d’écrits,29.35,79.85,913
Mount Lebanon,5,Arabic,الكتابة والتعبير الكتابي,57.59,33.7,2994
Mount Lebanon,5,Arabic,فهم المقروء,82.37,11.89,2994
Mount Lebanon,5,Arabic,قراءة كلمات,72.96,17.09,3060
Mount Lebanon,5,Arabic,قراءة نص,53.63,41.9,3060
Mount Lebanon,5,Arabic,معرفة صوت الحرف,78.68,13.95,3060
Mount Lebanon,5,English,Letter Recognition,85.9,9.48,2204
Mount Lebanon,5,English,Reading Comprehension,58.71,34.98,2147
Mount Lebanon,5,English,Sound Recognition,74.49,14.52,2204
Mount Lebanon,5,English,Text Reading,59.89,35.07,2204
Mount Lebanon,5,English,Word Decoding,50.11,42.88,2204
Mount Lebanon,5,English,Writing,35.97,72.15,2147
Mount Lebanon,5,French,Compréhension écrite,63.18,27.4,843
Mount Lebanon,5,French,Lecture de mots,65.51,26.11,858
Mount Lebanon,5,French,Lecture de texte,47.33,47.67,858
Mount Lebanon,5,French,Nom de la lettre,0.0,100.0,858
Mount Lebanon,5,French,Son du graphème,72.26,18.07,858
Mount Lebanon,5,French,Écriture et Production d’écrits,34.97,70.34,843
Mount Lebanon,6,Arabic,الكتابة والتعبير الكتابي,55.88,37.21,3244
Mount Lebanon,6,Arabic,فهم المقروء,83.3,11.04,3244
Mount Lebanon,6,Arabic,قراءة كلمات,69.63,16.57,3331
Mount Lebanon,6,Arabic,معرفة صوت الحرف,84.13,9.7,3331
Mount Lebanon,6,English,Letter Recognition,82.94,13.98,2324
Mount Lebanon,6,English,Reading Comprehension,57.37,37.58,2246
Mount Lebanon,6,English,Sound Recognition,73.2,17.51,2324
Mount Lebanon,6,English,Text Reading,55.76,39.11,2324
Mount Lebanon,6,English,Word Decoding,50.37,41.27,2324
Mount Lebanon,6,English,Writing,46.27,48.75,2246
Mount Lebanon,6,French,Compréhension écrite,67.8,22.91,991
Mount Lebanon,6,French,Lecture de mots,66.99,23.51,1021
Mount Lebanon,6,French,Lecture de texte,52.68,44.86,1021
Mount Lebanon,6,French,Nom de la lettre,94.99,3.53,1021
Mount Lebanon,6,French,Son du graphème,65.53,16.85,1021
Mount Lebanon,6,French,Écriture et Production d’écrits,48.18,41.27,991
Nabatieh,1,Arabic,الكتابة والتعبير الكتابي,54.11,45.81,1792
Nabatieh,1,Arabic,فهم المقروء,75.1,18.58,1792
Nabatieh,1,Arabic,قراءة جملة,54.28,35.89,1836
Nabatieh,1,Arabic,قراءة كلمات,58.29,27.83,1836
Nabatieh,1,Arabic,معرفة اسم الحرف,68.63,21.24,1836
Nabatieh,1,Arabic,معرفة صوت الحرف,61.51,30.72,1836
Nabatieh,1,English,Letter Recognition,71.25,20.63,1735
Nabatieh,1,English,Reading,41.24,46.34,1735
Nabatieh,1,English,Reading Comprehension,64.24,29.86,1681
Nabatieh,1,English,Sound Recognition,66.1,25.48,1735
Nabatieh,1,English,Word Decoding,42.51,45.07,1735
Nabatieh,1,English,Writing,47.06,53.18,1681
Nabatieh,1,French,Compréhension écrite,71.08,22.76,123
Nabatieh,1,French,Lecture de mots,31.97,80.33,122
Nabatieh,1,French,Lecture de mots dans une phrase,50.68,36.07,122
Nabatieh,1,French,Nom de la lettre,72.68,17.21,122
Nabatieh,1,French,Son du graphème,69.33,22.95,122
Nabatieh,1,French,Écriture et Production d’écrits,57.89,36.59,123
Nabatieh,2,Arabic,الكتابة والتعبير الكتابي,58.01,38.75,1773
Nabatieh,2,Arabic,فهم المقروء,77.57,18.44,1773
Nabatieh,2,Arabic,قراءة كلمات,15.74,100.0,1813
Nabatieh,2,Arabic,قراءة نص,37.99,60.4,1813
Nabatieh,2,Arabic,معرفة صوت الحرف,71.81,23.55,1813
Nabatieh,2,English,Letter Recognition,74.95,19.11,1690
Nabatieh,2,English,Reading Comprehension,65.5,27.85,1623
Nabatieh,2,English,Sound Recognition,68.61,23.73,1690
Nabatieh,2,English,Text Reading,43.53,52.25,1690
Nabatieh,2,English,Word Decoding,43.16,50.47,1690
Nabatieh,2,English,Writing,48.87,51.63,1623
Nabatieh,2,French,Compréhension écrite,74.23,22.3,148
Nabatieh,2,French,Lecture de mots,43.36,50.34,149
Nabatieh,2,French,Lecture de texte,26.86,72.48,149
Nabatieh,2,French,Nom de la lettre,66.83,29.53,149
Nabatieh,2,French,Son du graphème,64.37,28.19,149
Nabatieh,2,French,Écriture et Production d’écrits,43.11,58.11,148
Nabatieh,3,Arabic,الكتابة والتعبير الكتابي,56.46,40.55,1985
Nabatieh,3,Arabic,فهم المقروء,74.35,17.83,1985
Nabatieh,3,Arabic,قراءة كلمات,49.91,40.46,2024
Nabatieh,3,Arabic,قراءة نص,42.19,59.34,2024
Nabatieh,3,Arabic,معرفة صوت الحرف,75.66,18.73,2024
Nabatieh,3,English,Letter Recognition,78.14,15.98,1858
Nabatieh,3,English,Reading Comprehension,67.68,24.57,1815
Nabatieh,3,English,Sound Recognition,70.99,20.45,1858
Nabatieh,3,English,Text Reading,47.05,49.68,1858
Nabatieh,3,English,Word Decoding,46.02,46.88,1858
Nabatieh,3,English,Writing,40.1,64.96,1815
Nabatieh,3,French,Compréhension écrite,68.02,25.16,155
Nabatieh,3,French,Lecture de mots,54.65,41.29,155
Nabatieh,3,French,Lecture de texte,31.97,70.32,155
Nabatieh,3,French,Nom de la lettre,86.51,9.03,155
Nabatieh,3,French,Son du graphème,72.37,21.29,155
Nabatieh,3,French,Écriture et Production d’écrits,44.26,66.45,155
Nabatieh,4,Arabic,الكتابة والتعبير الكتابي,55.25,42.13,2127
Nabatieh,4,Arabic,فهم المقروء,76.2,18.99,2127
Nabatieh,4,Arabic,قراءة كلمات,64.28,22.1,2176
Nabatieh,4,Arabic,معرفة صوت الحرف,77.98,14.66,2176
Nabatieh,4,English,Letter Recognition,85.18,10.52,1910
Nabatieh,4,English,Reading Comprehension,60.9,34.05,1868
Nabatieh,4,English,Sound Recognition,75.97,15.71,1910
Nabatieh,4,English,Text Reading,35.45,58.01,1910
Nabatieh,4,English,Word Decoding,55.75,35.6,1910
Nabatieh,4,English,Writing,43.17,58.94,1868
Nabatieh,4,French,Compréhension écrite,66.35,26.36,239
Nabatieh,4,French,Lecture de mots,61.85,28.4,243
Nabatieh,4,French,Lecture de texte,11.63,100.0,243
Nabatieh,4,French,Nom de la lettre,84.98,7.82,243
Nabatieh,4,French,Son du graphème,74.66,14.81,243
Nabatieh,4,French,Écriture et Production d’écrits,33.64,75.73,239
Nabatieh,5,Arabic,الكتابة والتعبير الكتابي,60.95,31.17,2047
Nabatieh,5,Arabic,فهم المقروء,80.92,13.39,2047
Nabatieh,5,Arabic,قراءة كلمات,73.64,15.2,2125
Nabatieh,5,Arabic,قراءة نص,54.24,42.31,2125
Nabatieh,5,Arabic,معرفة صوت الحرف,77.89,13.51,2125
Nabatieh,5,English,Letter Recognition,84.82,11.25,1849
Nabatieh,5,English,Reading Comprehension,59.76,35.71,1778
Nabatieh,5,English,Sound Recognition,76.34,15.2,1849
Nabatieh,5,English,Text Reading,50.39,43.54,1849
Nabatieh,5,English,Word Decoding,48.99,44.84,1849
Nabatieh,5,English,Writing,41.35,63.72,1778
Nabatieh,5,French,Compréhension écrite,61.75,28.32,279
Nabatieh,5,French,Lecture de mots,65.79,26.67,285
Nabatieh,5,French,Lecture de texte,46.21,49.12,285
Nabatieh,5,French,Nom de la lettre,0.0,100.0,285
Nabatieh,5,French,Son du graphème,75.06,16.84,285
Nabatieh,5,French,Écriture et Production d’écrits,36.42,70.61,279
Nabatieh,6,Arabic,الكتابة والتعبير الكتابي,60.39,33.14,2067
Nabatieh,6,Arabic,فهم المقروء,83.92,11.13,2067
Nabatieh,6,Arabic,قراءة كلمات,67.54,18.04,2118
Nabatieh,6,Arabic,معرفة صوت الحرف,79.29,12.42,2118
Nabatieh,6,English,Letter Recognition,89.04,6.93,1803
Nabatieh,6,English,Reading Comprehension,57.27,38.1,1743
Nabatieh,6,English,Sound Recognition,78.06,10.54,1803
Nabatieh,6,English,Text Reading,51.6,43.98,1803
Nabatieh,6,English,Word Decoding,50.07,42.43,1803
Nabatieh,6,English,Writing,47.53,44.35,1743
Nabatieh,6,French,Compréhension écrite,61.99,28.97,321
Nabatieh,6,French,Lecture de mots,64.82,26.99,326
Nabatieh,6,French,Lecture de texte,45.52,54.91,326
Nabatieh,6,French,Nom de la lettre,90.85,5.21,326
Nabatieh,6,French,Son du graphème,69.17,18.4,326
Nabatieh,6,French,Écriture et Production d’écrits,48.29,46.11,321
North,1,Arabic,الكتابة والتعبير الكتابي,39.85,64.25,8150
North,1,Arabic,فهم المقروء,64.71,30.61,8150
North,1,Arabic,قراءة جملة,40.34,53.75,8340
North,1,Arabic,قراءة كلمات,44.46,45.55,8340
North,1,Arabic,معرفة اسم الحرف,58.24,34.2,8340
North,1,Arabic,معرفة صوت الحرف,50.28,44.86,8340
North,1,English,Letter Recognition,71.4,21.88,361
North,1,English,Reading,41.78,50.14,361
North,1,English,Reading Comprehension,58.56,33.24,352
North,1,English,Sound Recognition,65.24,29.92,361
North,1,English,Word Decoding,40.72,50.69,361
North,1,English,Writing,40.17,65.91,352
North,1,French,Compréhension écrite,58.84,36.93,7821
North,1,French,Lecture de mots,20.93,88.92,8006
North,1,French,Lecture de mots dans une phrase,30.88,63.9,8006
North,1,French,Nom de la lettre,56.16,36.76,8006
North,1,French,Son du graphème,52.48,42.32,8006
North,1,French,Écriture et Production d’écrits,34.74,66.64,7821
North,2,Arabic,الكتابة والتعبير الكتابي,40.4,62.49,8313
North,2,Arabic,فهم المقروء,64.58,31.84,8313
North,2,Arabic,قراءة كلمات,12.56,100.0,8477
North,2,Arabic,قراءة نص,27.25,74.14,8477
North,2,Arabic,معرفة صوت الحرف,59.78,36.64,8477
North,2,English,Letter Recognition,61.26,34.6,367
North,2,English,Reading Comprehension,55.92,40.46,351
North,2,English,Sound Recognition,53.66,40.6,367
North,2,English,Text Reading,21.92,77.93,367
North,2,English,Word Decoding,21.91,75.75,367
North,2,English,Writing,38.8,66.1,351
North,2,French,Compréhension écrite,58.38,37.16,7974
North,2,French,Lecture de mots,38.22,57.23,8130
North,2,French,Lecture de texte,23.21,79.13,8130
North,2,French,Nom de la lettre,66.29,28.02,8130
North,2,French,Son du graphème,59.09,34.11,8130
North,2,French,Écriture et Production d’écrits,29.48,75.61,7974
North,3,Arabic,الكتابة والتعبير الكتابي,41.83,59.56,8795
North,3,Arabic,فهم المقروء,67.67,25.73,8795
North,3,Arabic,قراءة كلمات,41.99,51.69,8924
North,3,Arabic,قراءة نص,33.5,69.27,8924
North,3,Arabic,معرفة صوت الحرف,66.02,30.33,8924
North,3,English,Letter Recognition,66.39,27.25,356
North,3,English,Reading Comprehension,55.55,36.1,349
North,3,English,Sound Recognition,58.61,34.55,356
North,3,English,Text Reading,30.45,70.51,356
North,3,English,Word Decoding,33.2,61.8,356
North,3,English,Writing,28.08,75.93,349
North,3,French,Compréhension écrite,61.08,31.96,8441
North,3,French,Lecture de mots,41.28,54.67,8562
North,3,French,Lecture de texte,24.58,78.31,8562
North,3,French,Nom de la lettre,75.25,18.08,8562
North,3,French,Son du graphème,59.62,33.33,8562
North,3,French,Écriture et Production d’écrits,27.64,78.72,8441
North,4,Arabic,الكتابة والتعبير الكتابي,41.03,60.66,10150
North,4,Arabic,فهم المقروء,71.92,21.81,10150
North,4,Arabic,قراءة كلمات,52.3,39.12,10330
North,4,Arabic,معرفة صوت الحرف,69.67,24.14,10330
North,4,English,Letter Recognition,78.5,12.91,364
North,4,English,Reading Comprehension,51.19,50.42,353
North,4,English,Sound Recognition,64.61,25.82,364
North,4,English,Text Reading,31.25,63.74,364
North,4,English,Word Decoding,46.62,43.96,364
North,4,English,Writing,34.39,69.12,353
North,4,French,Compréhension écrite,52.65,43.64,9813
North,4,French,Lecture de mots,45.24,49.13,9994
North,4,French,Lecture de texte,7.57,100.0,9994
North,4,French,Nom de la lettre,74.77,16.72,9994
North,4,French,Son du graphème,62.88,28.2,9994
North,4,French,Écriture et Production d’écrits,20.14,89.63,9813
North,5,Arabic,الكتابة والتعبير الكتابي,50.27,47.29,8566
North,5,Arabic,فهم المقروء,78.13,14.36,8566
North,5,Arabic,قراءة كلمات,69.88,20.21,8700
North,5,Arabic,قراءة نص,48.41,49.69,8700
North,5,Arabic,معرفة صوت الحرف,76.79,15.97,8700
North,5,English,Letter Recognition,81.59,9.41,287
North,5,English,Reading Comprehension,51.16,38.38,284
North,5,English,Sound Recognition,72.82,12.89,287
North,5,English,Text Reading,58.01,31.01,287
North,5,English,Word Decoding,51.71,37.28,287
North,5,English,Writing,32.04,72.54,284
North,5,French,Compréhension écrite,54.24,39.64,8303
North,5,French,Lecture de mots,52.77,40.52,8396
North,5,French,Lecture de texte,35.14,65.59,8396
North,5,French,Nom de la lettre,0.0,100.0,8396
North,5,French,Son du graphème,66.41,22.69,8396
North,5,French,Écriture et Production d’écrits,22.43,86.52,8303
North,6,Arabic,الكتابة والتعبير الكتابي,50.5,45.84,7951
North,6,Arabic,فهم المقروء,80.9,11.97,7951
North,6,Arabic,قراءة كلمات,65.15,21.9,8101
North,6,Arabic,معرفة صوت الحرف,80.07,13.38,8101
North,6,English,Letter Recognition,80.63,11.84,321
North,6,English,Reading Comprehension,55.3,38.71,310
North,6,English,Sound Recognition,72.46,14.02,321
North,6,English,Text Reading,49.12,45.17,321
North,6,English,Word Decoding,54.36,32.09,321
North,6,English,Writing,44.35,50.32,310
North,6,French,Compréhension écrite,53.05,43.93,7650
North,6,French,Lecture de mots,54.28,38.13,7781
North,6,French,Lecture de texte,38.88,61.06,7781
North,6,French,Nom de la lettre,86.97,9.64,7781
North,6,French,Son du graphème,59.17,27.67,7781
North,6,French,Écriture et Production d’écrits,32.67,71.57,7650
South,1,Arabic,الكتابة والتعبير الكتابي,46.27,56.09,2496
South,1,Arabic,فهم المقروء,73.02,21.71,2496
South,1,Arabic,قراءة جملة,45.94,45.4,2557
South,1,Arabic,قراءة كلمات,50.8,38.64,2557
South,1,Arabic,معرفة اسم الحرف,64.19,26.2,2557
South,1,Arabic,معرفة صوت الحرف,55.91,38.17,2557
South,1,English,Letter Recognition,71.5,22.15,2488
South,1,English,Reading,37.89,54.1,2488
South,1,English,Reading Comprehension,64.01,30.82,2414
South,1,English,Sound Recognition,64.15,29.26,2488
South,1,English,Word Decoding,36.97,54.06,2488
South,1,English,Writing,47.81,53.94,2414
South,1,French,Compréhension écrite,75.4,18.06,72
South,1,French,Lecture de mots,23.41,83.33,72
South,1,French,Lecture de mots dans une phrase,39.81,52.78,72
South,1,French,Nom de la lettre,68.17,30.56,72
South,1,French,Son du graphème,61.69,38.89,72
South,1,French,Écriture et Production d’écrits,49.17,50.0,72
South,2,Arabic,الكتابة والتعبير الكتابي,49.75,50.37,2575
South,2,Arabic,فهم المقروء,74.6,20.74,2575
South,2,Arabic,قراءة كلمات,12.91,99.96,2637
South,2,Arabic,قراءة نص,29.67,70.95,2637
South,2,Arabic,معرفة صوت الحرف,61.7,33.9,2637
South,2,English,Letter Recognition,74.33,19.36,2541
South,2,English,Reading Comprehension,61.58,32.64,2500
South,2,English,Sound Recognition,65.51,27.27,2541
South,2,English,Text Reading,36.6,60.45,2541
South,2,English,Word Decoding,35.79,61.31,2541
South,2,English,Writing,43.58,57.48,2500
South,2,French,Compréhension écrite,72.24,21.59,88
South,2,French,Lecture de mots,37.93,58.62,87
South,2,French,Lecture de texte,35.08,63.22,87
South,2,French,Nom de la lettre,70.11,28.74,87
South,2,French,Son du graphème,62.93,32.18,87
South,2,French,Écriture et Production d’écrits,44.32,50.0,88
South,3,Arabic,الكتابة والتعبير الكتابي,46.66,52.65,2815
South,3,Arabic,فهم المقروء,71.89,21.67,2815
South,3,Arabic,قراءة كلمات,44.9,47.11,2891
South,3,Arabic,قراءة نص,35.1,67.97,2891
South,3,Arabic,معرفة صوت الحرف,70.91,25.15,2891
South,3,English,Letter Recognition,79.34,15.12,2739
South,3,English,Reading Comprehension,60.77,33.81,2680
South,3,English,Sound Recognition,69.35,23.4,2739
South,3,English,Text Reading,39.66,57.14,2739
South,3,English,Word Decoding,41.37,54.11,2739
South,3,English,Writing,34.65,70.41,2680
South,3,French,Compréhension écrite,75.39,13.87,137
South,3,French,Lecture de mots,51.29,39.29,140
South,3,French,Lecture de texte,36.58,62.14,140
South,3,French,Nom de la lettre,87.8,6.43,140
South,3,French,Son du graphème,72.38,15.0,140
South,3,French,Écriture et Production d’écrits,36.5,67.15,137
South,4,Arabic,الكتابة والتعبير الكتابي,49.03,50.8,3189
South,4,Arabic,فهم المقروء,77.4,16.24,3189
South,4,Arabic,قراءة كلمات,55.4,34.32,3263
South,4,Arabic,معرفة صوت الحرف,72.53,20.84,3263
South,4,English,Letter Recognition,78.26,16.45,3069
South,4,English,Reading Comprehension,55.1,42.76,3026
South,4,English,Sound Recognition,66.39,24.8,3069
South,4,English,Text Reading,24.92,73.84,3069
South,4,English,Word Decoding,41.55,54.77,3069
South,4,English,Writing,34.07,70.92,3026
South,4,French,Compréhension écrite,62.69,29.71,175
South,4,French,Lecture de mots,59.38,31.46,178
South,4,French,Lecture de texte,12.61,100.0,178
South,4,French,Nom de la lettre,82.72,8.99,178
South,4,French,Son du graphème,72.66,14.61,178
South,4,French,Écriture et Production d’écrits,30.74,77.71,175
South,5,Arabic,الكتابة والتعبير الكتابي,56.62,35.27,2898
South,5,Arabic,فهم المقروء,80.71,12.56,2898
South,5,Arabic,قراءة كلمات,71.36,17.57,2937
South,5,Arabic,قراءة نص,47.35,52.84,2937
South,5,Arabic,معرفة صوت الحرف,78.9,11.99,2937
South,5,English,Letter Recognition,84.19,11.65,2738
South,5,English,Reading Comprehension,55.77,39.51,2693
South,5,English,Sound Recognition,71.47,18.55,2738
South,5,English,Text Reading,42.75,54.2,2738
South,5,English,Word Decoding,45.44,48.58,2738
South,5,English,Writing,32.85,77.09,2693
South,5,French,Compréhension écrite,64.01,26.7,206
South,5,French,Lecture de mots,59.28,30.92,207
South,5,French,Lecture de texte,46.75,49.76,207
South,5,French,Nom de la lettre,0.0,100.0,207
South,5,French,Son du graphème,69.44,22.22,207
South,5,French,Écriture et Production d’écrits,30.49,72.82,206
South,6,Arabic,الكتابة والتعبير الكتابي,55.46,37.5,2848
South,6,Arabic,فهم المقروء,84.71,9.2,2848
South,6,Arabic,قراءة كلمات,65.05,18.5,2908
South,6,Arabic,معرفة صوت الحرف,82.57,8.43,2908
South,6,English,Letter Recognition,90.13,6.41,2684
South,6,English,Reading Comprehension,54.24,44.29,2646
South,6,English,Sound Recognition,77.02,12.11,2684
South,6,English,Text Reading,48.5,48.51,2684
South,6,English,Word Decoding,48.07,44.45,2684
South,6,English,Writing,41.43,55.78,2646
South,6,French,Compréhension écrite,62.45,29.05,210
South,6,French,Lecture de mots,63.49,25.69,218
South,6,French,Lecture de texte,57.33,41.28,218
South,6,French,Nom de la lettre,90.02,6.42,218
South,6,French,Son du graphème,63.07,18.35,218
South,6,French,Écriture et Production d’écrits,41.59,54.76,210
بعلبك والهرمل,1,Arabic,الكتابة والتعبير الكتابي,45.51,56.79,2196
بعلبك والهرمل,1,Arabic,فهم المقروء,67.9,27.37,2196
بعلبك والهرمل,1,Arabic,قراءة جملة,46.58,45.61,2256
بعلبك والهرمل,1,Arabic,قراءة كلمات,52.12,35.37,2256
بعلبك والهرمل,1,Arabic,معرفة اسم الحرف,63.35,27.84,2256
بعلبك والهرمل,1,Arabic,معرفة صوت الحرف,57.78,35.55,2256
بعلبك والهرمل,1,English,Letter Recognition,52.14,44.68,761
بعلبك والهرمل,1,English,Reading,30.44,61.76,761
بعلبك والهرمل,1,English,Reading Comprehension,49.41,48.93,750
بعلبك والهرمل,1,English,Sound Recognition,48.53,46.65,761
بعلبك والهرمل,1,English,Word Decoding,31.14,61.76,761
بعلبك والهرمل,1,English,Writing,36.37,62.93,750
بعلبك والهرمل,1,French,Compréhension écrite,59.1,38.85,1449
بعلبك والهرمل,1,French,Lecture de mots,26.55,84.36,1483
بعلبك والهرمل,1,French,Lecture de mots dans une phrase,37.6,55.97,1483
بعلبك والهرمل,1,French,Nom de la lettre,57.89,36.82,1483
بعلبك والهرمل,1,French,Son du graphème,56.74,38.37,1483
بعلبك والهرمل,1,French,Écriture et Production d’écrits,40.33,61.01,1449
بعلبك والهرمل,2,Arabic,الكتابة والتعبير الكتابي,45.04,55.49,2141
بعلبك والهرمل,2,Arabic,فهم المقروء,63.03,34.24,2141
بعلبك والهرمل,2,Arabic,قراءة كلمات,13.94,100.0,2185
بعلبك والهرمل,2,Arabic,قراءة نص,35.13,64.44,2185
بعلبك والهرمل,2,Arabic,معرفة صوت الحرف,62.95,31.3,2185
بعلبك والهرمل,2,English,Letter Recognition,57.55,37.78,794
بعلبك والهرمل,2,English,Reading Comprehension,54.65,41.68,775
بعلبك والهرمل,2,English,Sound Recognition,53.74,40.68,794
بعلبك والهرمل,2,English,Text Reading,28.3,70.65,794
بعلبك والهرمل,2,English,Word Decoding,29.01,67.63,794
بعلبك والهرمل,2,English,Writing,33.34,69.03,775
بعلبك والهرمل,2,French,Compréhension écrite,63.74,31.01,1364
بعلبك والهرمل,2,French,Lecture de mots,46.77,46.79,1387
بعلبك والهرمل,2,French,Lecture de texte,32.86,67.05,1387
بعلبك والهرمل,2,French,Nom de la lettre,67.17,25.23,1387
بعلبك والهرمل,2,French,Son du graphème,63.19,28.7,1387
بعلبك والهرمل,2,French,Écriture et Production d’écrits,35.94,68.26,1364
بعلبك والهرمل,3,Arabic,الكتابة والتعبير الكتابي,48.49,50.25,2223
بعلبك والهرمل,3,Arabic,فهم المقروء,69.53,22.76,2223
بعلبك والهرمل,3,Arabic,قراءة كلمات,45.62,46.98,2271
بعلبك والهرمل,3,Arabic,قراءة نص,39.73,62.79,2271
بعلبك والهرمل,3,Arabic,معرفة صوت الحرف,69.15,24.57,2271
بعلبك والهرمل,3,English,Letter Recognition,69.63,23.58,810
بعلبك والهرمل,3,English,Reading Comprehension,59.26,36.54,791
بعلبك والهرمل,3,English,Sound Recognition,63.41,27.28,810
بعلبك والهرمل,3,English,Text Reading,41.95,53.09,810
بعلبك والهرمل,3,English,Word Decoding,40.77,54.32,810
بعلبك والهرمل,3,English,Writing,32.74,69.79,791
بعلبك والهرمل,3,French,Compréhension écrite,63.33,30.02,1439
بعلبك والهرمل,3,French,Lecture de mots,44.68,50.65,1467
بعلبك والهرمل,3,French,Lecture de texte,30.26,71.23,1467
بعلبك والهرمل,3,French,Nom de la lettre,71.27,20.25,1467
بعلبك والهرمل,3,French,Son du graphème,63.26,28.7,1467
بعلبك والهرمل,3,French,Écriture et Production d’écrits,37.92,64.77,1439
بعلبك والهرمل,4,Arabic,الكتابة والتعبير الكتابي,50.9,47.52,2401
بعلبك والهرمل,4,Arabic,فهم المقروء,74.12,20.37,2401
بعلبك والهرمل,4,Arabic,قراءة كلمات,56.61,32.07,2429
بعلبك والهرمل,4,Arabic,معرفة صوت الحرف,71.5,21.78,2429
بعلبك والهرمل,4,English,Letter Recognition,66.66,27.5,829
بعلبك والهرمل,4,English,Reading Comprehension,49.12,49.82,821
بعلبك والهرمل,4,English,Sound Recognition,58.58,32.81,829
بعلبك والهرمل,4,English,Text Reading,26.38,73.94,829
بعلبك والهرمل,4,English,Word Decoding,38.35,55.37,829
بعلبك والهرمل,4,English,Writing,30.86,72.47,821
بعلبك والهرمل,4,French,Compréhension écrite,53.87,42.99,1591
بعلبك والهرمل,4,French,Lecture de mots,48.31,46.38,1587
بعلبك والهرمل,4,French,Lecture de texte,8.22,99.94,1587
بعلبك والهرمل,4,French,Nom de la lettre,70.46,20.6,1587
بعلبك والهرمل,4,French,Son du graphème,63.58,28.86,1587
بعلبك والهرمل,4,French,Écriture et Production d’écrits,26.16,81.65,1591
بعلبك والهرمل,5,Arabic,الكتابة والتعبير الكتابي,54.76,39.06,1925
بعلبك والهرمل,5,Arabic,فهم المقروء,75.71,17.56,1925
بعلبك والهرمل,5,Arabic,قراءة كلمات,64.43,22.8,1978
بعلبك والهرمل,5,Arabic,قراءة نص,49.18,49.34,1978
بعلبك والهرمل,5,Arabic,معرفة صوت الحرف,70.23,20.63,1978
بعلبك والهرمل,5,English,Letter Recognition,68.14,25.66,643
بعلبك والهرمل,5,English,Reading Comprehension,52.24,41.77,644
بعلبك والهرمل,5,English,Sound Recognition,61.21,28.77,643
بعلبك والهرمل,5,English,Text Reading,42.59,54.12,643
بعلبك والهرمل,5,English,Word Decoding,39.46,55.99,643
بعلبك والهرمل,5,English,Writing,35.47,69.41,644
بعلبك والهرمل,5,French,Compréhension écrite,61.69,30.55,1293
بعلبك والهرمل,5,French,Lecture de mots,52.15,41.62,1319
بعلبك والهرمل,5,French,Lecture de texte,37.34,64.22,1319
بعلبك والهرمل,5,French,Nom de la lettre,0.08,99.92,1319
بعلبك والهرمل,5,French,Son du graphème,66.57,23.43,1319
بعلبك والهرمل,5,French,Écriture et Production d’écrits,29.48,76.88,1293
بعلبك والهرمل,6,Arabic,الكتابة والتعبير الكتابي,53.86,40.67,1994
بعلبك والهرمل,6,Arabic,فهم المقروء,79.01,15.3,1994
بعلبك والهرمل,6,Arabic,قراءة كلمات,60.65,25.64,2005
بعلبك والهرمل,6,Arabic,معرفة صوت الحرف,74.27,18.6,2005
بعلبك والهرمل,6,English,Letter Recognition,75.96,19.97,676
بعلبك والهرمل,6,English,Reading Comprehension,49.09,45.55,674
بعلبك والهرمل,6,English,Sound Recognition,68.5,23.96,676
بعلبك والهرمل,6,English,Text Reading,44.91,49.7,676
بعلبك والهرمل,6,English,Word Decoding,37.13,58.58,676
بعلبك والهرمل,6,English,Writing,37.73,55.93,674
بعلبك والهرمل,6,French,Compréhension écrite,57.1,36.86,1332
بعلبك والهرمل,6,French,Lecture de mots,56.73,33.01,1348
بعلبك والهرمل,6,French,Lecture de texte,40.93,62.61,1348
بعلبك والهرمل,6,French,Nom de la lettre,83.86,11.72,1348
بعلبك والهرمل,6,French,Son du graphème,62.59,23.07,1348
بعلبك والهرمل,6,French,Écriture et Production d’écrits,35.61,64.64,1332
