﻿region,grade,subject,domain,subgroup_a,subgroup_b,pct_a,pct_b,gap_pp,p_value,n_a,n_b
Beirut,1,Arabic,الكتابة والتعبير الكتابي,Male,Female,81.71,73.72,7.99,0.0007406474518180872,328,312
Beirut,1,Arabic,فهم المقروء,Male,Female,52.74,39.1,13.64,0.0001366692374356371,328,312
Beirut,1,Arabic,قراءة جملة,Male,Female,71.3,62.38,8.92,0.08436919857972736,338,319
Beirut,1,Arabic,قراءة كلمات,Male,Female,64.79,57.99,6.8,0.027334569798576094,338,319
Beirut,1,Arabic,معرفة اسم الحرف,Male,Female,47.93,40.44,7.49,0.012235184330809983,338,319
Beirut,1,Arabic,معرفة صوت الحرف,Male,Female,59.17,54.55,4.63,0.08492606458408049,338,319
Beirut,1,English,Letter Recognition,Male,Female,37.95,26.71,11.24,0.001593269950289045,303,277
Beirut,1,English,Reading,Male,Female,67.33,59.93,7.4,0.029163437257213643,303,277
Beirut,1,English,Reading Comprehension,Male,Female,53.2,44.07,9.12,0.02760462977869395,297,270
Beirut,1,English,Sound Recognition,Male,Female,52.15,40.43,11.71,0.00012067440127590198,303,277
Beirut,1,English,Word Decoding,Male,Female,71.62,62.45,9.16,0.011303059910836064,303,277
Beirut,1,English,Writing,Male,Female,82.83,72.59,10.24,5.8413714251676234e-05,297,270
Beirut,2,Arabic,الكتابة والتعبير الكتابي,Male,Female,72.8,73.24,-0.44,0.9340879329738729,353,370
Beirut,2,Arabic,فهم المقروء,Male,Female,47.03,44.32,2.7,0.640633350222952,353,370
Beirut,2,Arabic,قراءة كلمات,Male,Female,100.0,100.0,0.0,0.5688433125436207,359,371
Beirut,2,Arabic,قراءة نص,Male,Female,78.83,76.82,2.01,0.5735425600279598,359,371
Beirut,2,Arabic,معرفة صوت الحرف,Male,Female,46.52,49.6,-3.08,0.8071544920230376,359,371
Beirut,2,English,Letter Recognition,Male,Female,39.74,41.28,-1.55,0.6079720109879553,302,327
Beirut,2,English,Reading Comprehension,Male,Female,48.45,53.16,-4.71,0.22509805009368658,291,316
Beirut,2,English,Sound Recognition,Male,Female,47.68,48.32,-0.64,0.6665274944850963,302,327
Beirut,2,English,Text Reading,Male,Female,65.56,70.95,-5.39,0.10942060357069928,302,327
Beirut,2,English,Word Decoding,Male,Female,73.18,79.82,-6.64,0.039154285229685296,302,327
Beirut,2,English,Writing,Male,Female,76.98,75.0,1.98,0.9860440509398084,291,316
Beirut,3,Arabic,الكتابة والتعبير الكتابي,Male,Female,70.11,59.0,11.11,0.0001507009106550313,358,339
Beirut,3,Arabic,فهم المقروء,Male,Female,40.22,24.78,15.44,3.404072654340969e-07,358,339
Beirut,3,Arabic,قراءة كلمات,Male,Female,52.49,40.76,11.72,0.0027617615148456376,362,341
Beirut,3,Arabic,قراءة نص,Male,Female,65.47,54.55,10.92,0.002094680445824791,362,341
Beirut,3,Arabic,معرفة صوت الحرف,Male,Female,27.35,20.82,6.53,0.023453123803607378,362,341
Beirut,3,English,Letter Recognition,Male,Female,33.01,28.33,4.68,0.22570062721152043,309,293
Beirut,3,English,Reading Comprehension,Male,Female,52.32,39.65,12.67,0.004984905325049699,302,285
Beirut,3,English,Sound Recognition,Male,Female,41.75,36.18,5.57,0.19282196237847601,309,293
Beirut,3,English,Text Reading,Male,Female,64.08,60.07,4.01,0.3316122952556215,309,293
Beirut,3,English,Word Decoding,Male,Female,68.93,63.82,5.11,0.07388173004910631,309,293
Beirut,3,English,Writing,Male,Female,92.72,85.61,7.1,8.239310541376092e-06,302,285
Beirut,3,French,Compréhension écrite,Male,Female,33.33,11.32,22.01,0.022783913753889003,60,53
Beirut,3,French,Lecture de mots,Male,Female,57.63,48.15,9.48,0.479753643005126,59,54
Beirut,3,French,Lecture de texte,Male,Female,83.05,75.93,7.12,0.5894266473650944,59,54
Beirut,3,French,Nom de la lettre,Male,Female,18.64,5.56,13.09,0.02035208761028344,59,54
Beirut,3,French,Son du graphème,Male,Female,37.29,24.07,13.21,0.1288144193697108,59,54
Beirut,3,French,Écriture et Production d’écrits,Male,Female,85.0,75.47,9.53,0.03795623207170947,60,53
Beirut,4,Arabic,الكتابة والتعبير الكتابي,Male,Female,62.73,55.85,6.88,0.00866188082258734,432,419
Beirut,4,Arabic,فهم المقروء,Male,Female,28.24,21.48,6.76,0.015818530893219315,432,419
Beirut,4,Arabic,قراءة كلمات,Male,Female,40.82,37.41,3.4,0.14672349200877777,441,433
Beirut,4,Arabic,معرفة صوت الحرف,Male,Female,27.21,21.25,5.96,0.01343367730656339,441,433
Beirut,4,English,Letter Recognition,Male,Female,20.0,11.17,8.83,0.005870107176798884,365,358
Beirut,4,English,Reading Comprehension,Male,Female,54.6,46.86,7.74,0.0061684976879840606,359,350
Beirut,4,English,Sound Recognition,Male,Female,26.85,21.79,5.06,0.33336869291646876,365,358
Beirut,4,English,Text Reading,Male,Female,59.73,58.66,1.07,0.17867913736111438,365,358
Beirut,4,English,Word Decoding,Male,Female,50.14,48.88,1.25,0.6338963214092687,365,358
Beirut,4,English,Writing,Male,Female,78.83,70.57,8.26,0.002672974524476499,359,350
Beirut,4,French,Compréhension écrite,Male,Female,26.03,30.0,-3.97,0.7601246318809679,73,70
Beirut,4,French,Lecture de mots,Male,Female,48.68,43.84,4.85,0.6196027054556192,76,73
Beirut,4,French,Lecture de texte,Male,Female,100.0,100.0,0.0,0.8214773192927592,76,73
Beirut,4,French,Nom de la lettre,Male,Female,7.89,4.11,3.79,0.3010844038970591,76,73
Beirut,4,French,Son du graphème,Male,Female,25.0,23.29,1.71,0.8538287001640744,76,73
Beirut,4,French,Écriture et Production d’écrits,Male,Female,87.67,84.29,3.39,0.57919066277157,73,70
Beirut,5,Arabic,الكتابة والتعبير الكتابي,Male,Female,49.48,39.42,10.07,0.003288053993336403,388,378
Beirut,5,Arabic,فهم المقروء,Male,Female,23.71,13.49,10.22,0.00020203023528862467,388,378
Beirut,5,Arabic,قراءة كلمات,Male,Female,35.86,29.47,6.38,0.02857338870631047,396,380
Beirut,5,Arabic,قراءة نص,Male,Female,57.07,50.0,7.07,0.0413271319254033,396,380
Beirut,5,Arabic,معرفة صوت الحرف,Male,Female,23.99,19.74,4.25,0.08712339590123168,396,380
Beirut,5,English,Letter Recognition,Male,Female,13.99,10.98,3.02,0.25749348870183564,343,328
Beirut,5,English,Reading Comprehension,Male,Female,41.59,33.95,7.64,0.010100924163535389,339,324
Beirut,5,English,Sound Recognition,Male,Female,18.37,14.94,3.43,0.30591742814448347,343,328
Beirut,5,English,Text Reading,Male,Female,40.82,40.55,0.27,0.8399091889133251,343,328
Beirut,5,English,Word Decoding,Male,Female,45.19,44.82,0.37,0.9459523758628621,343,328
Beirut,5,English,Writing,Male,Female,74.63,67.9,6.73,0.017012893685650503,339,324
Beirut,5,French,Compréhension écrite,Male,Female,49.12,25.0,24.12,0.00024552950951993517,57,60
Beirut,5,French,Lecture de mots,Male,Female,45.76,36.07,9.7,0.012328397115528933,59,61
Beirut,5,French,Lecture de texte,Male,Female,81.36,63.93,17.42,0.006332605854693119,59,61
Beirut,5,French,Nom de la lettre,Male,Female,100.0,100.0,0.0,0.023540486655166448,59,61
Beirut,5,French,Son du graphème,Male,Female,40.68,16.39,24.28,0.0018549554500040223,59,61
Beirut,5,French,Écriture et Production d’écrits,Male,Female,96.49,86.67,9.82,4.537990924353842e-06,57,60
Beirut,6,Arabic,الكتابة والتعبير الكتابي,Male,Female,46.38,34.25,12.12,7.644531699863167e-05,414,435
Beirut,6,Arabic,فهم المقروء,Male,Female,15.46,8.74,6.72,0.0003375002769567734,414,435
Beirut,6,Arabic,قراءة كلمات,Male,Female,26.88,24.03,2.85,0.10530436033708043,413,437
Beirut,6,Arabic,معرفة صوت الحرف,Male,Female,11.86,12.13,-0.26,0.2865519494894103,413,437
Beirut,6,English,Letter Recognition,Male,Female,22.12,16.16,5.97,0.08386525793245285,339,359
Beirut,6,English,Reading Comprehension,Male,Female,56.89,38.1,18.79,3.2345637058745366e-05,334,357
Beirut,6,English,Sound Recognition,Male,Female,27.14,23.4,3.74,0.1792465607977743,339,359
Beirut,6,English,Text Reading,Male,Female,52.21,50.7,1.52,0.22286963646772917,339,359
Beirut,6,English,Word Decoding,Male,Female,49.85,48.75,1.11,0.43987700140754193,339,359
Beirut,6,English,Writing,Male,Female,62.28,50.7,11.58,0.0009938667703590267,334,357
Beirut,6,French,Compréhension écrite,Male,Female,37.5,50.63,-13.13,0.02571304988347688,80,79
Beirut,6,French,Lecture de mots,Male,Female,36.59,48.15,-11.56,0.010309178536525297,82,81
Beirut,6,French,Lecture de texte,Male,Female,65.85,66.67,-0.81,0.9079433820510974,82,81
Beirut,6,French,Nom de la lettre,Male,Female,6.1,6.17,-0.08,0.29057912991543483,82,81
Beirut,6,French,Son du graphème,Male,Female,23.17,41.98,-18.8,0.001212391490244341,82,81
Beirut,6,French,Écriture et Production d’écrits,Male,Female,62.5,70.89,-8.39,0.7498548683026474,80,79
Bekaa,1,Arabic,الكتابة والتعبير الكتابي,Male,Female,68.15,59.62,8.53,4.223898730285419e-06,1055,993
Bekaa,1,Arabic,فهم المقروء,Male,Female,39.24,32.83,6.41,0.0012280960125026694,1055,993
Bekaa,1,Arabic,قراءة جملة,Male,Female,58.28,48.58,9.7,1.5647676231818773e-06,1057,1023
Bekaa,1,Arabic,قراءة كلمات,Male,Female,52.98,42.72,10.26,3.3673914603228515e-07,1057,1023
Bekaa,1,Arabic,معرفة اسم الحرف,Male,Female,42.38,29.81,12.57,1.251523463825945e-10,1057,1023
Bekaa,1,Arabic,معرفة صوت الحرف,Male,Female,54.12,44.18,9.93,3.136684070779579e-08,1057,1023
Bekaa,1,English,Letter Recognition,Male,Female,40.75,29.29,11.47,2.990774927059444e-08,795,758
Bekaa,1,English,Reading,Male,Female,65.91,56.73,9.18,4.674648597824641e-05,795,758
Bekaa,1,English,Reading Comprehension,Male,Female,46.01,37.83,8.18,0.00024599051824002047,789,727
Bekaa,1,English,Sound Recognition,Male,Female,46.54,34.3,12.24,9.966142832217138e-07,795,758
Bekaa,1,English,Word Decoding,Male,Female,67.17,57.78,9.39,3.597346949656227e-05,795,758
Bekaa,1,English,Writing,Male,Female,70.22,59.42,10.79,9.662683958643054e-07,789,727
Bekaa,1,French,Compréhension écrite,Male,Female,47.78,40.38,7.4,0.04383816007666621,270,265
Bekaa,1,French,Lecture de mots,Male,Female,95.04,89.09,5.94,0.0018514669817955636,282,275
Bekaa,1,French,Lecture de mots dans une phrase,Male,Female,77.66,66.18,11.48,0.003337502856049086,282,275
Bekaa,1,French,Nom de la lettre,Male,Female,52.13,41.82,10.31,0.011839401566896883,282,275
Bekaa,1,French,Son du graphème,Male,Female,55.32,43.64,11.68,0.010920974843539705,282,275
Bekaa,1,French,Écriture et Production d’écrits,Male,Female,78.52,69.43,9.08,0.00025045520692261767,270,265
Bekaa,2,Arabic,الكتابة والتعبير الكتابي,Male,Female,63.17,51.74,11.43,8.054588144800055e-09,1048,978
Bekaa,2,Arabic,فهم المقروء,Male,Female,34.92,28.32,6.6,3.641491354531805e-05,1048,978
Bekaa,2,Arabic,قراءة كلمات,Male,Female,100.0,100.0,0.0,5.402918045693104e-08,1079,1027
Bekaa,2,Arabic,قراءة نص,Male,Female,71.92,65.63,6.29,1.5298747123373664e-05,1079,1027
Bekaa,2,Arabic,معرفة صوت الحرف,Male,Female,40.59,33.5,7.1,1.6793963174437575e-07,1079,1027
Bekaa,2,English,Letter Recognition,Male,Female,29.26,24.02,5.24,0.03277202092234132,793,762
Bekaa,2,English,Reading Comprehension,Male,Female,45.76,45.79,-0.03,0.8794070893119728,767,736
Bekaa,2,English,Sound Recognition,Male,Female,34.68,30.05,4.63,0.0149840921365372,793,762
Bekaa,2,English,Text Reading,Male,Female,61.03,57.22,3.82,0.22826466190026268,793,762
Bekaa,2,English,Word Decoding,Male,Female,68.1,67.19,0.9,0.34442383745420846,793,762
Bekaa,2,English,Writing,Male,Female,71.84,68.48,3.36,0.06441721511378642,767,736
Bekaa,2,French,Compréhension écrite,Male,Female,34.28,21.6,12.68,7.723031954767473e-06,283,250
Bekaa,2,French,Lecture de mots,Male,Female,61.35,52.65,8.7,0.001364521405318891,282,264
Bekaa,2,French,Lecture de texte,Male,Female,76.6,69.7,6.9,0.034173372056353,282,264
Bekaa,2,French,Nom de la lettre,Male,Female,35.11,23.48,11.62,5.008645430721114e-05,282,264
Bekaa,2,French,Son du graphème,Male,Female,37.94,25.38,12.56,9.631548512454846e-05,282,264
Bekaa,2,French,Écriture et Production d’écrits,Male,Female,76.68,61.6,15.08,0.00023216305869181995,283,250
Bekaa,3,Arabic,الكتابة والتعبير الكتابي,Male,Female,58.22,44.74,13.48,4.130903308589047e-10,943,979
Bekaa,3,Arabic,فهم المقروء,Male,Female,24.92,20.63,4.29,0.0018237013088896212,943,979
Bekaa,3,Arabic,قراءة كلمات,Male,Female,51.22,42.86,8.36,1.7979048928032228e-05,982,1022
Bekaa,3,Arabic,قراءة نص,Male,Female,67.21,59.49,7.72,9.706888993202756e-06,982,1022
Bekaa,3,Arabic,معرفة صوت الحرف,Male,Female,27.7,20.65,7.05,9.445223490113833e-06,982,1022
Bekaa,3,English,Letter Recognition,Male,Female,25.57,20.42,5.15,0.003539515874356362,743,754
Bekaa,3,English,Reading Comprehension,Male,Female,43.04,35.36,7.68,0.0013171374304922602,718,724
Bekaa,3,English,Sound Recognition,Male,Female,34.59,27.85,6.74,5.3553470633903004e-05,743,754
Bekaa,3,English,Text Reading,Male,Female,64.33,54.24,10.09,2.859307670310959e-05,743,754
Bekaa,3,English,Word Decoding,Male,Female,69.85,60.48,9.37,0.0016831002590904512,743,754
Bekaa,3,English,Writing,Male,Female,79.81,68.65,11.16,2.8995883978486354e-06,718,724
Bekaa,3,French,Compréhension écrite,Male,Female,34.65,26.82,7.83,0.13857856374380956,228,261
Bekaa,3,French,Lecture de mots,Male,Female,58.2,52.42,5.78,0.17412095769171246,244,269
Bekaa,3,French,Lecture de texte,Male,Female,72.54,71.0,1.54,0.3741207564278717,244,269
Bekaa,3,French,Nom de la lettre,Male,Female,23.77,17.84,5.93,0.031703243836366336,244,269
Bekaa,3,French,Son du graphème,Male,Female,40.16,31.23,8.94,0.08813940176919174,244,269
Bekaa,3,French,Écriture et Production d’écrits,Male,Female,78.95,65.9,13.05,0.0003259373478601937,228,261
Bekaa,4,Arabic,الكتابة والتعبير الكتابي,Male,Female,55.8,46.22,9.58,3.778032795942767e-07,1061,1045
Bekaa,4,Arabic,فهم المقروء,Male,Female,19.04,11.48,7.56,1.912879873062661e-06,1061,1045
Bekaa,4,Arabic,قراءة كلمات,Male,Female,35.99,26.44,9.54,1.769186938661252e-06,1106,1074
Bekaa,4,Arabic,معرفة صوت الحرف,Male,Female,23.24,15.27,7.97,1.636981662535936e-07,1106,1074
Bekaa,4,English,Letter Recognition,Male,Female,21.14,13.19,7.95,1.1513975023956867e-06,823,781
Bekaa,4,English,Reading Comprehension,Male,Female,53.62,45.8,7.82,0.003387900716816103,787,762
Bekaa,4,English,Sound Recognition,Male,Female,28.19,18.57,9.62,1.6155285659000422e-06,823,781
Bekaa,4,English,Text Reading,Male,Female,76.31,70.93,5.37,0.0006904995272226332,823,781
Bekaa,4,English,Word Decoding,Male,Female,54.31,45.45,8.86,0.00011815495436809082,823,781
Bekaa,4,English,Writing,Male,Female,81.96,74.41,7.55,2.6526839750696973e-06,787,762
Bekaa,4,French,Compréhension écrite,Male,Female,38.66,33.1,5.56,0.2116378838983304,269,284
Bekaa,4,French,Lecture de mots,Male,Female,47.69,45.33,2.35,0.18161513287880915,281,300
Bekaa,4,French,Lecture de texte,Male,Female,100.0,100.0,0.0,0.4769066872158174,281,300
Bekaa,4,French,Nom de la lettre,Male,Female,20.28,14.67,5.62,0.055593680374835155,281,300
Bekaa,4,French,Son du graphème,Male,Female,31.32,27.0,4.32,0.3174709143486085,281,300
Bekaa,4,French,Écriture et Production d’écrits,Male,Female,91.08,83.8,7.28,0.01086574878984886,269,284
Bekaa,5,Arabic,الكتابة والتعبير الكتابي,Male,Female,37.47,30.79,6.69,0.00013519803211430067,846,955
Bekaa,5,Arabic,فهم المقروء,Male,Female,15.96,12.46,3.5,0.03037220536028824,846,955
Bekaa,5,Arabic,قراءة كلمات,Male,Female,14.79,12.33,2.46,0.0021423770478464694,879,981
Bekaa,5,Arabic,قراءة نص,Male,Female,38.79,30.48,8.31,4.575845966865972e-05,879,981
Bekaa,5,Arabic,معرفة صوت الحرف,Male,Female,11.15,7.75,3.4,0.00023726931117699253,879,981
Bekaa,5,English,Letter Recognition,Male,Female,15.21,16.25,-1.04,0.934979134151059,651,720
Bekaa,5,English,Reading Comprehension,Male,Female,50.47,46.46,4.02,0.31262190902957815,632,706
Bekaa,5,English,Sound Recognition,Male,Female,20.58,19.31,1.28,0.6691304470705506,651,720
Bekaa,5,English,Text Reading,Male,Female,48.54,45.0,3.54,0.3944825186977374,651,720
Bekaa,5,English,Word Decoding,Male,Female,50.23,51.67,-1.44,0.9970546497589099,651,720
Bekaa,5,English,Writing,Male,Female,86.08,79.75,6.33,3.6478486881596745e-05,632,706
Bekaa,5,French,Compréhension écrite,Male,Female,35.51,31.08,4.44,0.10549439622441023,214,251
Bekaa,5,French,Lecture de mots,Male,Female,34.38,27.67,6.71,0.0709397970650543,224,253
Bekaa,5,French,Lecture de texte,Male,Female,56.7,51.78,4.92,0.13320802489173092,224,253
Bekaa,5,French,Nom de la lettre,Male,Female,100.0,100.0,0.0,0.018892493296925907,224,253
Bekaa,5,French,Son du graphème,Male,Female,28.12,21.74,6.39,0.06783246365321527,224,253
Bekaa,5,French,Écriture et Production d’écrits,Male,Female,79.91,74.1,5.8,0.021507267569292544,214,251
Bekaa,6,Arabic,الكتابة والتعبير الكتابي,Male,Female,38.95,28.97,9.98,9.008096221381022e-08,760,856
Bekaa,6,Arabic,فهم المقروء,Male,Female,13.42,9.0,4.43,0.00040819458776801326,760,856
Bekaa,6,Arabic,قراءة كلمات,Male,Female,22.92,17.59,5.33,4.281355843837399e-05,781,864
Bekaa,6,Arabic,معرفة صوت الحرف,Male,Female,13.96,10.88,3.08,0.00804244616022009,781,864
Bekaa,6,English,Letter Recognition,Male,Female,14.64,10.42,4.22,0.012151720692117533,567,624
Bekaa,6,English,Reading Comprehension,Male,Female,46.86,39.42,7.44,0.000674812421995737,557,624
Bekaa,6,English,Sound Recognition,Male,Female,18.52,12.82,5.7,0.0006907476563198415,567,624
Bekaa,6,English,Text Reading,Male,Female,50.44,44.07,6.37,0.022743318087014016,567,624
Bekaa,6,English,Word Decoding,Male,Female,51.85,42.79,9.06,0.00011986685398054487,567,624
Bekaa,6,English,Writing,Male,Female,61.04,43.59,17.45,4.486730491683506e-11,557,624
Bekaa,6,French,Compréhension écrite,Male,Female,41.98,35.15,6.83,0.3780406922597228,212,239
Bekaa,6,French,Lecture de mots,Male,Female,31.34,30.34,0.99,0.493295982855377,217,234
Bekaa,6,French,Lecture de texte,Male,Female,54.84,52.14,2.7,0.8615634649188461,217,234
Bekaa,6,French,Nom de la lettre,Male,Female,8.76,5.56,3.2,0.2954543609485121,217,234
Bekaa,6,French,Son du graphème,Male,Female,25.81,23.93,1.87,0.16053416315867397,217,234
Bekaa,6,French,Écriture et Production d’écrits,Male,Female,68.4,64.44,3.96,0.12206462092982996,212,239
Mount Lebanon,1,Arabic,الكتابة والتعبير الكتابي,Male,Female,61.68,54.8,6.89,0.0001412985735182978,1164,1157
Mount Lebanon,1,Arabic,فهم المقروء,Male,Female,30.93,24.81,6.12,7.569423518433958e-05,1164,1157
Mount Lebanon,1,Arabic,قراءة جملة,Male,Female,50.25,43.52,6.73,0.0008609615707793213,1214,1204
Mount Lebanon,1,Arabic,قراءة كلمات,Male,Female,43.82,36.63,7.19,0.0018056903095896124,1214,1204
Mount Lebanon,1,Arabic,معرفة اسم الحرف,Male,Female,30.07,24.25,5.81,0.002104441135082589,1214,1204
Mount Lebanon,1,Arabic,معرفة صوت الحرف,Male,Female,41.43,35.47,5.97,0.0004128135404300629,1214,1204
Mount Lebanon,1,English,Letter Recognition,Male,Female,27.74,21.84,5.9,0.004764747273398929,894,893
Mount Lebanon,1,English,Reading,Male,Female,55.26,49.05,6.21,0.012461477007542637,894,893
Mount Lebanon,1,English,Reading Comprehension,Male,Female,42.51,32.21,10.3,3.8155173150857455e-06,861,863
Mount Lebanon,1,English,Sound Recognition,Male,Female,34.12,28.11,6.01,0.0029529307275809615,894,893
Mount Lebanon,1,English,Word Decoding,Male,Female,59.4,53.08,6.32,0.020081689623823753,894,893
Mount Lebanon,1,English,Writing,Male,Female,59.35,49.48,9.87,1.348120367152793e-07,861,863
Mount Lebanon,1,French,Compréhension écrite,Male,Female,31.13,23.18,7.94,0.0024979002620597363,302,289
Mount Lebanon,1,French,Lecture de mots,Male,Female,78.91,74.1,4.82,0.11155455443029973,313,305
Mount Lebanon,1,French,Lecture de mots dans une phrase,Male,Female,52.4,45.9,6.49,0.05231131770279287,313,305
Mount Lebanon,1,French,Nom de la lettre,Male,Female,33.87,25.25,8.62,0.003338369044758701,313,305
Mount Lebanon,1,French,Son du graphème,Male,Female,39.62,28.52,11.09,0.0034580198908179633,313,305
Mount Lebanon,1,French,Écriture et Production d’écrits,Male,Female,64.24,55.02,9.22,0.005392404733405306,302,289
Mount Lebanon,2,Arabic,الكتابة والتعبير الكتابي,Male,Female,56.32,48.41,7.91,8.798797043524788e-08,1314,1258
Mount Lebanon,2,Arabic,فهم المقروء,Male,Female,28.39,22.02,6.37,0.0002487943891323682,1314,1258
Mount Lebanon,2,Arabic,قراءة كلمات,Male,Female,100.0,100.0,0.0,0.007791223904894711,1360,1283
Mount Lebanon,2,Arabic,قراءة نص,Male,Female,71.32,64.61,6.71,0.0011587455951034657,1360,1283
Mount Lebanon,2,Arabic,معرفة صوت الحرف,Male,Female,30.44,26.5,3.94,0.012668859193289342,1360,1283
Mount Lebanon,2,English,Letter Recognition,Male,Female,17.88,15.59,2.29,0.10910144812197765,979,956
Mount Lebanon,2,English,Reading Comprehension,Male,Female,36.81,27.97,8.84,4.9656422977119794e-06,948,933
Mount Lebanon,2,English,Sound Recognition,Male,Female,25.03,20.5,4.52,0.016808609124407986,979,956
Mount Lebanon,2,English,Text Reading,Male,Female,54.34,50.42,3.92,0.10635910949708566,979,956
Mount Lebanon,2,English,Word Decoding,Male,Female,54.95,49.69,5.27,0.023607492663877693,979,956
Mount Lebanon,2,English,Writing,Male,Female,61.39,48.66,12.73,3.4593676158826335e-08,948,933
Mount Lebanon,2,French,Compréhension écrite,Male,Female,32.24,24.84,7.4,0.0036810802720396354,366,322
Mount Lebanon,2,French,Lecture de mots,Male,Female,49.47,42.02,7.45,0.16080363814216442,378,326
Mount Lebanon,2,French,Lecture de texte,Male,Female,70.9,70.86,0.04,0.25747123647832154,378,326
Mount Lebanon,2,French,Nom de la lettre,Male,Female,24.34,16.56,7.77,0.004207106477092673,378,326
Mount Lebanon,2,French,Son du graphème,Male,Female,25.66,19.02,6.64,0.012252660519817656,378,326
Mount Lebanon,2,French,Écriture et Production d’écrits,Male,Female,68.85,61.49,7.36,0.006277134025071339,366,322
Mount Lebanon,3,Arabic,الكتابة والتعبير الكتابي,Male,Female,58.64,45.96,12.68,4.127121015308084e-12,1378,1386
Mount Lebanon,3,Arabic,فهم المقروء,Male,Female,26.71,21.72,4.99,8.058034392396012e-06,1378,1386
Mount Lebanon,3,Arabic,قراءة كلمات,Male,Female,45.69,38.39,7.3,2.0387449324474186e-05,1414,1404
Mount Lebanon,3,Arabic,قراءة نص,Male,Female,63.3,56.77,6.53,4.051503570149809e-06,1414,1404
Mount Lebanon,3,Arabic,معرفة صوت الحرف,Male,Female,24.68,19.66,5.02,1.1966733875589534e-05,1414,1404
Mount Lebanon,3,English,Letter Recognition,Male,Female,17.9,16.19,1.71,0.06484012733121544,1067,1007
Mount Lebanon,3,English,Reading Comprehension,Male,Female,40.19,33.3,6.89,0.0006506775695585696,1045,973
Mount Lebanon,3,English,Sound Recognition,Male,Female,26.43,22.94,3.49,0.03880757468732227,1067,1007
Mount Lebanon,3,English,Text Reading,Male,Female,54.55,49.26,5.29,0.01046246355583728,1067,1007
Mount Lebanon,3,English,Word Decoding,Male,Female,55.48,50.65,4.84,0.013398389385490464,1067,1007
Mount Lebanon,3,English,Writing,Male,Female,77.03,68.76,8.28,4.8752237233367916e-05,1045,973
Mount Lebanon,3,French,Compréhension écrite,Male,Female,34.97,21.63,13.34,6.790976298383557e-05,346,416
Mount Lebanon,3,French,Lecture de mots,Male,Female,42.0,36.78,5.22,0.11369027838250687,350,416
Mount Lebanon,3,French,Lecture de texte,Male,Female,70.0,64.9,5.1,0.10699181750914245,350,416
Mount Lebanon,3,French,Nom de la lettre,Male,Female,14.86,13.94,0.91,0.3647172467564642,350,416
Mount Lebanon,3,French,Son du graphème,Male,Female,25.43,23.08,2.35,0.08049721632971898,350,416
Mount Lebanon,3,French,Écriture et Production d’écrits,Male,Female,69.94,63.7,6.24,0.00015762670502326686,346,416
Mount Lebanon,4,Arabic,الكتابة والتعبير الكتابي,Male,Female,54.55,43.94,10.61,3.5772450573723146e-12,1562,1600
Mount Lebanon,4,Arabic,فهم المقروء,Male,Female,23.5,15.69,7.81,3.617913447853473e-07,1562,1600
Mount Lebanon,4,Arabic,قراءة كلمات,Male,Female,32.98,28.4,4.58,0.0003403112646196491,1598,1620
Mount Lebanon,4,Arabic,معرفة صوت الحرف,Male,Female,20.96,17.04,3.93,0.00013513132947994228,1598,1620
Mount Lebanon,4,English,Letter Recognition,Male,Female,12.02,9.53,2.5,0.029844174399732217,1156,1165
Mount Lebanon,4,English,Reading Comprehension,Male,Female,47.81,38.94,8.87,7.045386125366302e-06,1119,1153
Mount Lebanon,4,English,Sound Recognition,Male,Female,20.16,15.71,4.45,0.003357533513086302,1156,1165
Mount Lebanon,4,English,Text Reading,Male,Female,57.09,53.3,3.79,0.01736541756041304,1156,1165
Mount Lebanon,4,English,Word Decoding,Male,Female,42.39,38.63,3.76,0.0576706298075086,1156,1165
Mount Lebanon,4,English,Writing,Male,Female,71.31,62.79,8.52,1.4459472969073536e-07,1119,1153
Mount Lebanon,4,French,Compréhension écrite,Male,Female,38.99,29.19,9.79,0.005142468970568877,454,459
Mount Lebanon,4,French,Lecture de mots,Male,Female,36.64,28.29,8.35,0.002887713952076133,464,456
Mount Lebanon,4,French,Lecture de texte,Male,Female,100.0,100.0,0.0,2.4426578701614745e-05,464,456
Mount Lebanon,4,French,Nom de la lettre,Male,Female,11.42,5.7,5.72,0.0013568143449779297,464,456
Mount Lebanon,4,French,Son du graphème,Male,Female,19.4,14.69,4.7,0.0036734425171552356,464,456
Mount Lebanon,4,French,Écriture et Production d’écrits,Male,Female,83.04,76.69,6.35,0.0005178206205523533,454,459
Mount Lebanon,5,Arabic,الكتابة والتعبير الكتابي,Male,Female,39.64,28.02,11.62,2.3426260652851687e-13,1463,1531
Mount Lebanon,5,Arabic,فهم المقروء,Male,Female,14.08,9.8,4.28,2.942522163254027e-07,1463,1531
Mount Lebanon,5,Arabic,قراءة كلمات,Male,Female,19.59,14.69,4.9,5.141299118754882e-06,1501,1559
Mount Lebanon,5,Arabic,قراءة نص,Male,Female,46.5,37.46,9.04,1.0204415353518437e-08,1501,1559
Mount Lebanon,5,Arabic,معرفة صوت الحرف,Male,Female,15.66,12.32,3.34,0.00016420341373732017,1501,1559
Mount Lebanon,5,English,Letter Recognition,Male,Female,8.81,10.12,-1.31,0.6455861279596444,1078,1126
Mount Lebanon,5,English,Reading Comprehension,Male,Female,36.81,33.24,3.56,0.019046740071377587,1046,1101
Mount Lebanon,5,English,Sound Recognition,Male,Female,14.75,14.3,0.45,0.6129187279002837,1078,1126
Mount Lebanon,5,English,Text Reading,Male,Female,35.81,34.37,1.44,0.41494655105427003,1078,1126
Mount Lebanon,5,English,Word Decoding,Male,Female,43.23,42.54,0.69,0.9153874931685255,1078,1126
Mount Lebanon,5,English,Writing,Male,Female,76.29,68.21,8.08,2.6462156646299803e-08,1046,1101
Mount Lebanon,5,French,Compréhension écrite,Male,Female,33.98,21.03,12.95,1.9920677809631802e-05,415,428
Mount Lebanon,5,French,Lecture de mots,Male,Female,30.61,21.63,8.98,0.00012306705498037608,428,430
Mount Lebanon,5,French,Lecture de texte,Male,Female,53.74,41.63,12.11,0.00024506207061077525,428,430
Mount Lebanon,5,French,Nom de la lettre,Male,Female,100.0,100.0,0.0,0.04364688925910261,428,430
Mount Lebanon,5,French,Son du graphème,Male,Female,20.09,16.05,4.05,0.004312641257977328,428,430
Mount Lebanon,5,French,Écriture et Production d’écrits,Male,Female,75.18,65.65,9.53,2.7967823325681976e-05,415,428
Mount Lebanon,6,Arabic,الكتابة والتعبير الكتابي,Male,Female,41.98,32.69,9.28,2.9553704693880885e-12,1577,1667
Mount Lebanon,6,Arabic,فهم المقروء,Male,Female,12.43,9.72,2.71,3.071276432498931e-05,1577,1667
Mount Lebanon,6,Arabic,قراءة كلمات,Male,Female,18.52,14.69,3.83,1.01661919975032e-05,1636,1695
Mount Lebanon,6,Arabic,معرفة صوت الحرف,Male,Female,11.06,8.38,2.69,5.619418817219951e-05,1636,1695
Mount Lebanon,6,English,Letter Recognition,Male,Female,12.52,15.42,-2.9,0.10255401720708612,1150,1174
Mount Lebanon,6,English,Reading Comprehension,Male,Female,41.85,33.45,8.4,1.9255222928552903e-06,1104,1142
Mount Lebanon,6,English,Sound Recognition,Male,Female,16.09,18.91,-2.82,0.37037765951760293,1150,1174
Mount Lebanon,6,English,Text Reading,Male,Female,39.3,38.93,0.38,0.7139717769452302,1150,1174
Mount Lebanon,6,English,Word Decoding,Male,Female,42.0,40.55,1.45,0.8704107870772411,1150,1174
Mount Lebanon,6,English,Writing,Male,Female,54.35,43.35,11.0,2.758288670769327e-09,1104,1142
Mount Lebanon,6,French,Compréhension écrite,Male,Female,25.11,20.89,4.22,0.038057709323455785,474,517
Mount Lebanon,6,French,Lecture de mots,Male,Female,25.46,21.7,3.76,0.13994066896822607,491,530
Mount Lebanon,6,French,Lecture de texte,Male,Female,48.47,41.51,6.96,0.046948061027478574,491,530
Mount Lebanon,6,French,Nom de la lettre,Male,Female,3.87,3.21,0.66,0.4296307940845121,491,530
Mount Lebanon,6,French,Son du graphème,Male,Female,17.11,16.6,0.5,0.2550580045614108,491,530
Mount Lebanon,6,French,Écriture et Production d’écrits,Male,Female,47.89,35.2,12.69,9.085768135977334e-07,474,517
Nabatieh,1,Arabic,الكتابة والتعبير الكتابي,Male,Female,51.72,39.47,12.26,4.845623826828625e-11,928,864
Nabatieh,1,Arabic,فهم المقروء,Male,Female,22.31,14.58,7.72,2.039189129650397e-06,928,864
Nabatieh,1,Arabic,قراءة جملة,Male,Female,39.6,31.9,7.7,2.7504463968934517e-05,952,884
Nabatieh,1,Arabic,قراءة كلمات,Male,Female,32.46,22.85,9.61,8.123422873942297e-07,952,884
Nabatieh,1,Arabic,معرفة اسم الحرف,Male,Female,25.11,17.08,8.02,2.4306782669277554e-05,952,884
Nabatieh,1,Arabic,معرفة صوت الحرف,Male,Female,34.87,26.24,8.63,8.304586328097276e-07,952,884
Nabatieh,1,English,Letter Recognition,Male,Female,23.65,17.35,6.3,0.0001024216305408934,905,830
Nabatieh,1,English,Reading,Male,Female,51.71,40.48,11.23,5.827657400693618e-07,905,830
Nabatieh,1,English,Reading Comprehension,Male,Female,34.36,24.97,9.39,6.487574925056577e-06,876,805
Nabatieh,1,English,Sound Recognition,Male,Female,29.61,20.96,8.65,5.710286261877758e-05,905,830
Nabatieh,1,English,Word Decoding,Male,Female,50.06,39.64,10.42,2.897084525320564e-07,905,830
Nabatieh,1,English,Writing,Male,Female,59.47,46.34,13.14,4.9100203882938406e-11,876,805
Nabatieh,1,French,Compréhension écrite,Male,Female,26.23,19.35,6.87,0.4613133216261992,61,62
Nabatieh,1,French,Lecture de mots,Male,Female,81.97,78.69,3.28,0.1993329588271264,61,61
Nabatieh,1,French,Lecture de mots dans une phrase,Male,Female,37.7,34.43,3.28,0.7435942722366737,61,61
Nabatieh,1,French,Nom de la lettre,Male,Female,21.31,13.11,8.2,0.5244127387947013,61,61
Nabatieh,1,French,Son du graphème,Male,Female,27.87,18.03,9.84,0.5359719938442602,61,61
Nabatieh,1,French,Écriture et Production d’écrits,Male,Female,32.79,40.32,-7.54,0.6686773296362207,61,62
Nabatieh,2,Arabic,الكتابة والتعبير الكتابي,Male,Female,43.5,33.41,10.08,2.41293759711555e-06,938,835
Nabatieh,2,Arabic,فهم المقروء,Male,Female,20.04,16.65,3.4,0.016976302853867323,938,835
Nabatieh,2,Arabic,قراءة كلمات,Male,Female,100.0,100.0,0.0,1.9262855046960545e-05,963,850
Nabatieh,2,Arabic,قراءة نص,Male,Female,63.03,57.41,5.62,0.00020028389929266374,963,850
Nabatieh,2,Arabic,معرفة صوت الحرف,Male,Female,27.41,19.18,8.24,4.396858927352706e-05,963,850
Nabatieh,2,English,Letter Recognition,Male,Female,21.24,16.75,4.49,0.012612345680238314,890,800
Nabatieh,2,English,Reading Comprehension,Male,Female,29.53,26.0,3.53,0.13249234199593057,850,773
Nabatieh,2,English,Sound Recognition,Male,Female,26.07,21.12,4.94,0.02296720609445092,890,800
Nabatieh,2,English,Text Reading,Male,Female,55.62,48.5,7.12,0.004905769159796677,890,800
Nabatieh,2,English,Word Decoding,Male,Female,53.48,47.12,6.36,0.010663803265872315,890,800
Nabatieh,2,English,Writing,Male,Female,56.0,46.83,9.17,9.307190084520753e-05,850,773
Nabatieh,2,French,Compréhension écrite,Male,Female,22.47,22.03,0.44,0.5979828482934788,89,59
Nabatieh,2,French,Lecture de mots,Male,Female,57.78,38.98,18.79,0.04178631906201103,90,59
Nabatieh,2,French,Lecture de texte,Male,Female,76.67,66.1,10.56,0.14124058751413268,90,59
Nabatieh,2,French,Nom de la lettre,Male,Female,34.44,22.03,12.41,0.07249361224675357,90,59
Nabatieh,2,French,Son du graphème,Male,Female,33.33,20.34,12.99,0.02346855371363865,90,59
Nabatieh,2,French,Écriture et Production d’écrits,Male,Female,58.43,57.63,0.8,0.7007295470221646,89,59
Nabatieh,3,Arabic,الكتابة والتعبير الكتابي,Male,Female,44.95,36.0,8.95,1.7959446929649775e-05,1010,975
Nabatieh,3,Arabic,فهم المقروء,Male,Female,19.7,15.9,3.81,0.030809464337747366,1010,975
Nabatieh,3,Arabic,قراءة كلمات,Male,Female,43.41,37.4,6.01,0.0034780504284239004,1032,992
Nabatieh,3,Arabic,قراءة نص,Male,Female,62.98,55.54,7.44,0.0005219031007298095,1032,992
Nabatieh,3,Arabic,معرفة صوت الحرف,Male,Female,21.03,16.33,4.7,0.0031914206657930686,1032,992
Nabatieh,3,English,Letter Recognition,Male,Female,18.06,13.78,4.28,0.002520344703498018,958,900
Nabatieh,3,English,Reading Comprehension,Male,Female,29.18,19.71,9.48,9.020444521416962e-08,932,883
Nabatieh,3,English,Sound Recognition,Male,Female,22.55,18.22,4.32,0.0014479065040624939,958,900
Nabatieh,3,English,Text Reading,Male,Female,53.44,45.67,7.78,0.011758938763623493,958,900
Nabatieh,3,English,Word Decoding,Male,Female,49.58,44.0,5.58,0.03972272278555765,958,900
Nabatieh,3,English,Writing,Male,Female,67.92,61.83,6.08,4.941451270560511e-05,932,883
Nabatieh,3,French,Compréhension écrite,Male,Female,30.38,19.74,10.64,0.22404618780895022,79,76
Nabatieh,3,French,Lecture de mots,Male,Female,48.1,34.21,13.89,0.48710413568105493,79,76
Nabatieh,3,French,Lecture de texte,Male,Female,73.42,67.11,6.31,0.1506778891143944,79,76
Nabatieh,3,French,Nom de la lettre,Male,Female,10.13,7.89,2.23,0.4140514017363578,79,76
Nabatieh,3,French,Son du graphème,Male,Female,26.58,15.79,10.79,0.2258642961917347,79,76
Nabatieh,3,French,Écriture et Production d’écrits,Male,Female,70.89,61.84,9.04,0.11611794384333246,79,76
Nabatieh,4,Arabic,الكتابة والتعبير الكتابي,Male,Female,47.02,36.65,10.36,1.3353381785189945e-08,1123,1004
Nabatieh,4,Arabic,فهم المقروء,Male,Female,22.26,15.34,6.92,0.0005083425914931296,1123,1004
Nabatieh,4,Arabic,قراءة كلمات,Male,Female,25.85,17.94,7.91,7.755955228048223e-07,1145,1031
Nabatieh,4,Arabic,معرفة صوت الحرف,Male,Female,17.99,10.96,7.03,4.311935983220426e-09,1145,1031
Nabatieh,4,English,Letter Recognition,Male,Female,13.34,7.35,5.99,1.0372930734771446e-06,1012,898
Nabatieh,4,English,Reading Comprehension,Male,Female,38.65,28.85,9.8,9.636490153882843e-09,991,877
Nabatieh,4,English,Sound Recognition,Male,Female,18.68,12.36,6.32,2.3441317927841776e-05,1012,898
Nabatieh,4,English,Text Reading,Male,Female,61.17,54.45,6.71,6.085417816152755e-06,1012,898
Nabatieh,4,English,Word Decoding,Male,Female,40.32,30.29,10.03,5.7424624158086615e-08,1012,898
Nabatieh,4,English,Writing,Male,Female,64.88,52.22,12.66,1.0477579719909455e-10,991,877
Nabatieh,4,French,Compréhension écrite,Male,Female,31.09,21.67,9.43,0.1917175424549401,119,120
Nabatieh,4,French,Lecture de mots,Male,Female,33.61,23.14,10.47,0.015499852058392381,122,121
Nabatieh,4,French,Lecture de texte,Male,Female,100.0,100.0,0.0,0.015927051172834498,122,121
Nabatieh,4,French,Nom de la lettre,Male,Female,10.66,4.96,5.7,0.024460891950688606,122,121
Nabatieh,4,French,Son du graphème,Male,Female,19.67,9.92,9.75,0.043494311730269325,122,121
Nabatieh,4,French,Écriture et Production d’écrits,Male,Female,81.51,70.0,11.51,0.023118089489301736,119,120
Nabatieh,5,Arabic,الكتابة والتعبير الكتابي,Male,Female,36.42,25.53,10.88,1.3770600033150266e-06,1060,987
Nabatieh,5,Arabic,فهم المقروء,Male,Female,15.38,11.25,4.13,0.0014289500082307416,1060,987
Nabatieh,5,Arabic,قراءة كلمات,Male,Female,17.73,12.51,5.22,3.8202857494984244e-05,1094,1031
Nabatieh,5,Arabic,قراءة نص,Male,Female,45.61,38.8,6.82,1.7040876807954512e-05,1094,1031
Nabatieh,5,Arabic,معرفة صوت الحرف,Male,Female,15.36,11.54,3.81,0.0009226543852696258,1094,1031
Nabatieh,5,English,Letter Recognition,Male,Female,12.05,10.41,1.64,0.06944768164578027,946,903
Nabatieh,5,English,Reading Comprehension,Male,Female,38.91,32.33,6.58,0.022720542398010808,915,863
Nabatieh,5,English,Sound Recognition,Male,Female,16.49,13.84,2.65,0.11278305952374174,946,903
Nabatieh,5,English,Text Reading,Male,Female,45.67,41.31,4.36,0.09241089845952488,946,903
Nabatieh,5,English,Word Decoding,Male,Female,45.98,43.63,2.35,0.16354496724254036,946,903
Nabatieh,5,English,Writing,Male,Female,67.65,59.56,8.09,3.303859068011474e-06,915,863
Nabatieh,5,French,Compréhension écrite,Male,Female,34.46,21.37,13.09,0.029845798379851025,148,131
Nabatieh,5,French,Lecture de mots,Male,Female,29.8,23.13,6.67,0.20642750392423737,151,134
Nabatieh,5,French,Lecture de texte,Male,Female,49.01,49.25,-0.25,0.9562299533699784,151,134
Nabatieh,5,French,Nom de la lettre,Male,Female,100.0,100.0,0.0,0.5170407517724827,151,134
Nabatieh,5,French,Son du graphème,Male,Female,18.54,14.93,3.62,0.14640946054764303,151,134
Nabatieh,5,French,Écriture et Production d’écrits,Male,Female,75.0,65.65,9.35,0.004570450536337349,148,131
Nabatieh,6,Arabic,الكتابة والتعبير الكتابي,Male,Female,40.04,26.17,13.87,1.3948159840118995e-13,1039,1028
Nabatieh,6,Arabic,فهم المقروء,Male,Female,12.51,9.73,2.78,0.0008005626483283729,1039,1028
Nabatieh,6,Arabic,قراءة كلمات,Male,Female,21.09,14.94,6.15,2.4817849570539925e-05,1067,1051
Nabatieh,6,Arabic,معرفة صوت الحرف,Male,Female,13.4,11.42,1.98,0.0076759117683341555,1067,1051
Nabatieh,6,English,Letter Recognition,Male,Female,7.08,6.79,0.29,0.2891124533601611,904,899
Nabatieh,6,English,Reading Comprehension,Male,Female,43.04,33.18,9.86,8.941762093894614e-05,869,874
Nabatieh,6,English,Sound Recognition,Male,Female,11.17,9.9,1.27,0.029295761423665672,904,899
Nabatieh,6,English,Text Reading,Male,Female,47.57,40.38,7.19,0.0002936312460647818,904,899
Nabatieh,6,English,Word Decoding,Male,Female,45.46,39.38,6.09,0.00010718912971030565,904,899
Nabatieh,6,English,Writing,Male,Female,49.37,39.36,10.01,1.1259749099191146e-06,869,874
Nabatieh,6,French,Compréhension écrite,Male,Female,35.12,22.22,12.9,0.00981878841094429,168,153
Nabatieh,6,French,Lecture de mots,Male,Female,33.14,20.13,13.01,0.00903715970760947,172,154
Nabatieh,6,French,Lecture de texte,Male,Female,61.63,47.4,14.23,0.0011048206811146539,172,154
Nabatieh,6,French,Nom de la lettre,Male,Female,7.56,2.6,4.96,0.01213045297856323,172,154
Nabatieh,6,French,Son du graphème,Male,Female,19.77,16.88,2.88,0.06281738599668561,172,154
Nabatieh,6,French,Écriture et Production d’écrits,Male,Female,56.55,34.64,21.91,0.002988021120103475,168,153
North,1,Arabic,الكتابة والتعبير الكتابي,Male,Female,69.76,58.23,11.52,2.0214489024165734e-36,4252,3898
North,1,Arabic,فهم المقروء,Male,Female,34.95,25.89,9.06,2.7100632069052728e-27,4252,3898
North,1,Arabic,قراءة جملة,Male,Female,59.12,47.82,11.3,8.860072407644078e-28,4381,3959
North,1,Arabic,قراءة كلمات,Male,Female,50.92,39.61,11.32,1.3466372384021229e-28,4381,3959
North,1,Arabic,معرفة اسم الحرف,Male,Female,39.76,28.04,11.73,2.1883889207899837e-41,4381,3959
North,1,Arabic,معرفة صوت الحرف,Male,Female,49.94,39.23,10.72,6.589941917905679e-31,4381,3959
North,1,English,Letter Recognition,Male,Female,26.29,16.77,9.52,0.1126877804505946,194,167
North,1,English,Reading,Male,Female,55.15,44.31,10.84,0.08144579862281003,194,167
North,1,English,Reading Comprehension,Male,Female,36.9,29.09,7.81,0.004315710193478383,187,165
North,1,English,Sound Recognition,Male,Female,34.54,24.55,9.99,0.06310447520885289,194,167
North,1,English,Word Decoding,Male,Female,54.12,46.71,7.42,0.06955552023061475,194,167
North,1,English,Writing,Male,Female,74.87,55.76,19.11,4.261438464594179e-06,187,165
North,1,French,Compréhension écrite,Male,Female,40.86,32.64,8.22,3.6910610296382684e-17,4080,3741
North,1,French,Lecture de mots,Male,Female,91.65,85.92,5.73,1.3533771116024657e-19,4192,3814
North,1,French,Lecture de mots dans une phrase,Male,Female,67.8,59.62,8.17,1.5059088866296326e-19,4192,3814
North,1,French,Nom de la lettre,Male,Female,41.2,31.88,9.31,5.453083626993646e-27,4192,3814
North,1,French,Son du graphème,Male,Female,46.47,37.76,8.71,5.516584186873851e-24,4192,3814
North,1,French,Écriture et Production d’écrits,Male,Female,71.86,60.95,10.92,1.1438153056345594e-31,4080,3741
North,2,Arabic,الكتابة والتعبير الكتابي,Male,Female,69.12,55.5,13.62,4.571545554217108e-43,4268,4045
North,2,Arabic,فهم المقروء,Male,Female,36.76,26.65,10.11,6.461788951023845e-26,4268,4045
North,2,Arabic,قراءة كلمات,Male,Female,100.0,100.0,0.0,6.563075902245359e-38,4373,4104
North,2,Arabic,قراءة نص,Male,Female,78.0,70.03,7.97,3.4576885993746275e-23,4373,4104
North,2,Arabic,معرفة صوت الحرف,Male,Female,42.74,30.14,12.6,9.035525851646212e-45,4373,4104
North,2,English,Letter Recognition,Male,Female,36.5,32.34,4.16,0.42476418617271816,200,167
North,2,English,Reading Comprehension,Male,Female,42.33,38.27,4.06,0.7563919744850629,189,162
North,2,English,Sound Recognition,Male,Female,40.5,40.72,-0.22,0.8794613034575999,200,167
North,2,English,Text Reading,Male,Female,75.5,80.84,-5.34,0.3292806054668589,200,167
North,2,English,Word Decoding,Male,Female,72.0,80.24,-8.24,0.14891285892808553,200,167
North,2,English,Writing,Male,Female,62.96,69.75,-6.79,0.18987024414116713,189,162
North,2,French,Compréhension écrite,Male,Female,41.99,32.06,9.93,4.162792732488117e-30,4094,3880
North,2,French,Lecture de mots,Male,Female,62.54,51.6,10.94,1.537565906694737e-28,4188,3942
North,2,French,Lecture de texte,Male,Female,80.85,77.3,3.55,3.490422139514952e-12,4188,3942
North,2,French,Nom de la lettre,Male,Female,34.22,21.44,12.78,2.8652621606030773e-51,4188,3942
North,2,French,Son du graphème,Male,Female,39.71,28.16,11.55,8.501632873526447e-37,4188,3942
North,2,French,Écriture et Production d’écrits,Male,Female,81.02,69.9,11.12,1.0148360172765139e-42,4094,3880
North,3,Arabic,الكتابة والتعبير الكتابي,Male,Female,64.38,54.68,9.71,4.3543254833749104e-24,4422,4373
North,3,Arabic,فهم المقروء,Male,Female,29.76,21.66,8.1,3.4925474460904016e-21,4422,4373
North,3,Arabic,قراءة كلمات,Male,Female,58.67,44.62,14.05,1.7192582968002211e-46,4493,4431
North,3,Arabic,قراءة نص,Male,Female,74.36,64.12,10.24,1.821150805359817e-42,4493,4431
North,3,Arabic,معرفة صوت الحرف,Male,Female,36.59,23.99,12.6,3.8003896598170097e-50,4493,4431
North,3,English,Letter Recognition,Male,Female,34.05,19.88,14.17,0.00031189983893131345,185,171
North,3,English,Reading Comprehension,Male,Female,40.78,31.18,9.61,0.022962078195706195,179,170
North,3,English,Sound Recognition,Male,Female,44.86,23.39,21.47,8.512349896656864e-06,185,171
North,3,English,Text Reading,Male,Female,77.3,63.16,14.14,0.00011590615318005006,185,171
North,3,English,Word Decoding,Male,Female,70.27,52.63,17.64,0.00028839007737230184,185,171
North,3,English,Writing,Male,Female,79.89,71.76,8.12,0.12258878841243717,179,170
North,3,French,Compréhension écrite,Male,Female,37.94,25.93,12.01,6.373452959128659e-29,4241,4200
North,3,French,Lecture de mots,Male,Female,60.13,49.13,11.01,7.2495077592031e-36,4312,4250
North,3,French,Lecture de texte,Male,Female,80.94,75.65,5.29,7.732521334503658e-17,4312,4250
North,3,French,Nom de la lettre,Male,Female,22.96,13.13,9.83,6.984963176098408e-44,4312,4250
North,3,French,Son du graphème,Male,Female,38.94,27.65,11.29,3.888776817121666e-36,4312,4250
North,3,French,Écriture et Production d’écrits,Male,Female,82.6,74.81,7.79,4.839903569626448e-39,4241,4200
North,4,Arabic,الكتابة والتعبير الكتابي,Male,Female,67.97,53.29,14.68,3.376642726195063e-62,5098,5052
North,4,Arabic,فهم المقروء,Male,Female,26.76,16.83,9.93,7.027009855307505e-41,5098,5052
North,4,Arabic,قراءة كلمات,Male,Female,44.65,33.51,11.15,7.297121072786397e-35,5200,5130
North,4,Arabic,معرفة صوت الحرف,Male,Female,30.21,17.99,12.22,2.791303360578672e-59,5200,5130
North,4,English,Letter Recognition,Male,Female,14.36,11.24,3.12,0.2773807019685845,195,169
North,4,English,Reading Comprehension,Male,Female,54.01,46.39,7.63,0.09237357864359834,187,166
North,4,English,Sound Recognition,Male,Female,26.67,24.85,1.81,0.8735492208394534,195,169
North,4,English,Text Reading,Male,Female,65.13,62.13,3.0,0.9836049449851123,195,169
North,4,English,Word Decoding,Male,Female,44.1,43.79,0.32,0.6186693501376794,195,169
North,4,English,Writing,Male,Female,70.59,67.47,3.12,0.03135828663873563,187,166
North,4,French,Compréhension écrite,Male,Female,48.64,38.59,10.05,3.731833784383928e-29,4928,4885
North,4,French,Lecture de mots,Male,Female,55.01,43.17,11.84,4.552252129732393e-42,5030,4964
North,4,French,Lecture de texte,Male,Female,100.0,100.0,0.0,4.828299663382381e-26,5030,4964
North,4,French,Nom de la lettre,Male,Female,20.58,12.81,7.76,2.5497065818837014e-28,5030,4964
North,4,French,Son du graphème,Male,Female,32.94,23.39,9.55,5.752482886898327e-31,5030,4964
North,4,French,Écriture et Production d’écrits,Male,Female,92.69,86.53,6.16,5.4689675897077205e-55,4928,4885
North,5,Arabic,الكتابة والتعبير الكتابي,Male,Female,54.9,40.3,14.6,1.7531078934066088e-39,4104,4462
North,5,Arabic,فهم المقروء,Male,Female,17.76,11.23,6.54,4.4906519610548756e-26,4104,4462
North,5,Arabic,قراءة كلمات,Male,Female,23.8,16.86,6.94,6.783345160583759e-27,4198,4502
North,5,Arabic,قراءة نص,Male,Female,56.03,43.78,12.25,2.09082371533789e-40,4198,4502
North,5,Arabic,معرفة صوت الحرف,Male,Female,19.18,12.97,6.2,1.009825180362431e-27,4198,4502
North,5,English,Letter Recognition,Male,Female,10.18,8.33,1.85,0.7499071932556725,167,120
North,5,English,Reading Comprehension,Male,Female,43.71,30.77,12.94,0.00040539994434897323,167,117
North,5,English,Sound Recognition,Male,Female,14.37,10.83,3.54,0.8668708467993393,167,120
North,5,English,Text Reading,Male,Female,23.35,41.67,-18.31,0.00020382122660786116,167,120
North,5,English,Word Decoding,Male,Female,35.33,40.0,-4.67,0.5509244150627746,167,120
North,5,English,Writing,Male,Female,79.04,63.25,15.79,0.000182490278793492,167,117
North,5,French,Compréhension écrite,Male,Female,45.68,34.17,11.5,7.77541690362514e-29,3943,4360
North,5,French,Lecture de mots,Male,Female,43.75,37.56,6.19,1.5117314429584745e-14,4016,4380
North,5,French,Lecture de texte,Male,Female,69.37,62.12,7.25,2.6693683436408203e-13,4016,4380
North,5,French,Nom de la lettre,Male,Female,100.0,100.0,0.0,1.9937014829335123e-05,4016,4380
North,5,French,Son du graphème,Male,Female,24.9,20.66,4.24,1.7602321982262572e-10,4016,4380
North,5,French,Écriture et Production d’écrits,Male,Female,91.35,82.16,9.2,2.927194154475496e-56,3943,4360
North,6,Arabic,الكتابة والتعبير الكتابي,Male,Female,52.77,39.92,12.85,5.837099713824475e-43,3665,4286
North,6,Arabic,فهم المقروء,Male,Female,14.52,9.8,4.72,1.1080521853412263e-20,3665,4286
North,6,Arabic,قراءة كلمات,Male,Female,24.39,19.73,4.66,2.924156784667879e-10,3768,4333
North,6,Arabic,معرفة صوت الحرف,Male,Female,14.54,12.37,2.17,1.0732958991915404e-06,3768,4333
North,6,English,Letter Recognition,Male,Female,16.96,6.0,10.96,0.007240446093198792,171,150
North,6,English,Reading Comprehension,Male,Female,41.57,35.42,6.15,0.968287021380281,166,144
North,6,English,Sound Recognition,Male,Female,17.54,10.0,7.54,0.011390735445776156,171,150
North,6,English,Text Reading,Male,Female,45.61,44.67,0.95,0.7925197724297651,171,150
North,6,English,Word Decoding,Male,Female,35.67,28.0,7.67,0.32487692222246944,171,150
North,6,English,Writing,Male,Female,55.42,44.44,10.98,0.01728221311559284,166,144
North,6,French,Compréhension écrite,Male,Female,49.11,39.58,9.54,5.128981863680843e-17,3496,4154
North,6,French,Lecture de mots,Male,Female,40.65,35.98,4.67,3.16086907591944e-08,3587,4194
North,6,French,Lecture de texte,Male,Female,62.92,59.47,3.46,0.01033050663733291,3587,4194
North,6,French,Nom de la lettre,Male,Female,10.4,8.99,1.41,0.0018600288445738172,3587,4194
North,6,French,Son du graphème,Male,Female,29.02,26.51,2.51,6.0173660777261156e-05,3587,4194
North,6,French,Écriture et Production d’écrits,Male,Female,78.6,65.65,12.96,2.705866402054321e-52,3496,4154
South,1,Arabic,الكتابة والتعبير الكتابي,Male,Female,62.36,49.2,13.16,1.7356462216927225e-15,1307,1189
South,1,Arabic,فهم المقروء,Male,Female,24.94,18.17,6.78,2.2037042806301337e-06,1307,1189
South,1,Arabic,قراءة جملة,Male,Female,50.11,40.25,9.87,7.344666226631887e-10,1337,1220
South,1,Arabic,قراءة كلمات,Male,Female,43.23,33.61,9.62,8.572591020316056e-10,1337,1220
South,1,Arabic,معرفة اسم الحرف,Male,Female,30.14,21.89,8.26,1.0012604652007684e-08,1337,1220
South,1,Arabic,معرفة صوت الحرف,Male,Female,42.48,33.44,9.04,2.9878607186485804e-09,1337,1220
South,1,English,Letter Recognition,Male,Female,27.45,16.3,11.15,3.44070863313844e-17,1304,1184
South,1,English,Reading,Male,Female,59.66,47.97,11.69,2.665099261349653e-13,1304,1184
South,1,English,Reading Comprehension,Male,Female,36.07,25.02,11.05,3.7766387815811726e-13,1267,1147
South,1,English,Sound Recognition,Male,Female,35.05,22.89,12.16,2.234384406482265e-16,1304,1184
South,1,English,Word Decoding,Male,Female,60.66,46.79,13.87,7.273509576805905e-15,1304,1184
South,1,English,Writing,Male,Female,61.8,45.25,16.55,1.1950604161198983e-18,1267,1147
South,2,Arabic,الكتابة والتعبير الكتابي,Male,Female,56.18,43.79,12.39,4.278167701720245e-13,1367,1208
South,2,Arabic,فهم المقروء,Male,Female,24.29,16.72,7.56,3.4975715230779773e-10,1367,1208
South,2,Arabic,قراءة كلمات,Male,Female,100.0,99.92,0.08,1.973752664395975e-12,1408,1229
South,2,Arabic,قراءة نص,Male,Female,75.85,65.34,10.51,1.6523873811931846e-11,1408,1229
South,2,Arabic,معرفة صوت الحرف,Male,Female,39.63,27.34,12.29,2.7543084330295593e-11,1408,1229
South,2,English,Letter Recognition,Male,Female,22.97,15.16,7.81,1.8314039898997138e-09,1367,1174
South,2,English,Reading Comprehension,Male,Female,38.33,26.06,12.27,1.0786962186260811e-13,1341,1159
South,2,English,Sound Recognition,Male,Female,31.89,21.89,10.0,2.0842963163578098e-11,1367,1174
South,2,English,Text Reading,Male,Female,65.62,54.43,11.19,1.153514536864947e-08,1367,1174
South,2,English,Word Decoding,Male,Female,65.54,56.39,9.16,6.108470298754924e-08,1367,1174
South,2,English,Writing,Male,Female,64.13,49.78,14.35,2.99509104071408e-15,1341,1159
South,3,Arabic,الكتابة والتعبير الكتابي,Male,Female,59.09,45.34,13.75,8.613847795600097e-12,1496,1319
South,3,Arabic,فهم المقروء,Male,Female,23.93,19.11,4.83,0.0013367666919343686,1496,1319
South,3,Arabic,قراءة كلمات,Male,Female,51.38,42.34,9.03,3.769603060155432e-08,1526,1365
South,3,Arabic,قراءة نص,Male,Female,72.35,63.08,9.27,2.094954381855336e-09,1526,1365
South,3,Arabic,معرفة صوت الحرف,Male,Female,28.24,21.68,6.56,7.749398639823832e-06,1526,1365
South,3,English,Letter Recognition,Male,Female,17.83,12.1,5.74,1.7599331278924291e-06,1441,1298
South,3,English,Reading Comprehension,Male,Female,37.7,29.42,8.28,4.444496686183536e-09,1419,1261
South,3,English,Sound Recognition,Male,Female,27.0,19.41,7.58,2.979830523384989e-06,1441,1298
South,3,English,Text Reading,Male,Female,60.93,52.93,8.0,2.3199597517344155e-05,1441,1298
South,3,English,Word Decoding,Male,Female,58.29,49.46,8.83,2.0715912883524105e-05,1441,1298
South,3,English,Writing,Male,Female,75.12,65.11,10.02,2.5164510348620694e-12,1419,1261
South,3,French,Compréhension écrite,Male,Female,17.28,8.93,8.36,0.20929380630600555,81,56
South,3,French,Lecture de mots,Male,Female,41.25,36.67,4.58,0.5250936823068022,80,60
South,3,French,Lecture de texte,Male,Female,66.25,56.67,9.58,0.4014561539911211,80,60
South,3,French,Nom de la lettre,Male,Female,3.75,10.0,-6.25,0.7485934406274678,80,60
South,3,French,Son du graphème,Male,Female,13.75,16.67,-2.92,0.9944571080691129,80,60
South,3,French,Écriture et Production d’écrits,Male,Female,72.84,58.93,13.91,0.06483628832094417,81,56
South,4,Arabic,الكتابة والتعبير الكتابي,Male,Female,58.56,42.01,16.55,3.0285929094838384e-28,1694,1495
South,4,Arabic,فهم المقروء,Male,Female,20.01,11.97,8.04,3.5009357083623146e-14,1694,1495
South,4,Arabic,قراءة كلمات,Male,Female,38.87,29.2,9.66,5.001504800334995e-11,1729,1534
South,4,Arabic,معرفة صوت الحرف,Male,Female,25.04,16.1,8.94,7.879053822557249e-13,1729,1534
South,4,English,Letter Recognition,Male,Female,19.05,13.55,5.51,2.1842895302483995e-07,1622,1447
South,4,English,Reading Comprehension,Male,Female,48.69,36.1,12.59,1.3267108968644128e-15,1602,1424
South,4,English,Sound Recognition,Male,Female,28.42,20.73,7.69,1.66050491339066e-08,1622,1447
South,4,English,Text Reading,Male,Female,77.31,69.94,7.37,2.9263304182837314e-07,1622,1447
South,4,English,Word Decoding,Male,Female,58.94,50.1,8.84,7.131010417432403e-08,1622,1447
South,4,English,Writing,Male,Female,75.59,65.66,9.93,5.094447273071548e-22,1602,1424
South,4,French,Compréhension écrite,Male,Female,37.37,19.74,17.64,0.07921921746367407,99,76
South,4,French,Lecture de mots,Male,Female,38.24,22.37,15.87,0.022224985239072247,102,76
South,4,French,Lecture de texte,Male,Female,100.0,100.0,0.0,0.0020320993680597492,102,76
South,4,French,Nom de la lettre,Male,Female,9.8,7.89,1.91,0.1565128976539389,102,76
South,4,French,Son du graphème,Male,Female,15.69,13.16,2.53,0.20066736319612416,102,76
South,4,French,Écriture et Production d’écrits,Male,Female,78.79,76.32,2.47,0.5172090144838679,99,76
South,5,Arabic,الكتابة والتعبير الكتابي,Male,Female,39.46,30.86,8.6,5.761838323011496e-10,1485,1413
South,5,Arabic,فهم المقروء,Male,Female,14.75,10.26,4.49,2.5562817693616683e-07,1485,1413
South,5,Arabic,قراءة كلمات,Male,Female,20.53,14.42,6.11,4.817128103579474e-10,1515,1422
South,5,Arabic,قراءة نص,Male,Female,57.69,47.68,10.01,1.203234829818028e-10,1515,1422
South,5,Arabic,معرفة صوت الحرف,Male,Female,13.53,10.34,3.19,1.993813849613086e-06,1515,1422
South,5,English,Letter Recognition,Male,Female,13.48,9.71,3.76,5.926273449609249e-05,1410,1328
South,5,English,Reading Comprehension,Male,Female,43.04,35.8,7.25,0.00024087449097722762,1380,1313
South,5,English,Sound Recognition,Male,Female,21.77,15.14,6.64,5.802291446965836e-06,1410,1328
South,5,English,Text Reading,Male,Female,57.52,50.68,6.84,0.001828726919211999,1410,1328
South,5,English,Word Decoding,Male,Female,51.91,45.03,6.88,0.0004825162685682291,1410,1328
South,5,English,Writing,Male,Female,79.42,74.64,4.78,3.577839889186658e-09,1380,1313
South,5,French,Compréhension écrite,Male,Female,26.85,26.53,0.32,0.05558611965193764,108,98
South,5,French,Lecture de mots,Male,Female,37.04,24.24,12.79,0.034372585962830667,108,99
South,5,French,Lecture de texte,Male,Female,58.33,40.4,17.93,0.006558223496253058,108,99
South,5,French,Nom de la lettre,Male,Female,100.0,100.0,0.0,0.25426417900822573,108,99
South,5,French,Son du graphème,Male,Female,25.0,19.19,5.81,0.30602059749663446,108,99
South,5,French,Écriture et Production d’écrits,Male,Female,77.78,67.35,10.43,0.05809810058230627,108,98
South,6,Arabic,الكتابة والتعبير الكتابي,Male,Female,43.52,31.37,12.15,8.927211031398531e-17,1436,1412
South,6,Arabic,فهم المقروء,Male,Female,12.26,6.09,6.17,2.4265972965793414e-13,1436,1412
South,6,Arabic,قراءة كلمات,Male,Female,22.45,14.39,8.07,3.4501893746478163e-13,1483,1425
South,6,Arabic,معرفة صوت الحرف,Male,Female,10.65,6.11,4.55,1.6006251807309878e-14,1483,1425
South,6,English,Letter Recognition,Male,Female,7.48,5.28,2.2,0.004990579607456197,1377,1307
South,6,English,Reading Comprehension,Male,Female,49.29,39.12,10.17,2.14698010215968e-08,1345,1301
South,6,English,Sound Recognition,Male,Female,14.6,9.49,5.11,1.506776645033062e-08,1377,1307
South,6,English,Text Reading,Male,Female,53.81,42.92,10.89,1.390969799263414e-07,1377,1307
South,6,English,Word Decoding,Male,Female,49.89,38.71,11.18,2.0132300337159377e-09,1377,1307
South,6,English,Writing,Male,Female,63.05,48.27,14.78,2.585687219301389e-19,1345,1301
South,6,French,Compréhension écrite,Male,Female,33.67,25.0,8.67,0.16173946016519114,98,112
South,6,French,Lecture de mots,Male,Female,32.35,19.83,12.53,0.2784198922941919,102,116
South,6,French,Lecture de texte,Male,Female,48.04,35.34,12.69,0.018750674155891753,102,116
South,6,French,Nom de la lettre,Male,Female,9.8,3.45,6.36,0.40475616329899144,102,116
South,6,French,Son du graphème,Male,Female,17.65,18.97,-1.32,0.3046513392524495,102,116
South,6,French,Écriture et Production d’écrits,Male,Female,53.06,56.25,-3.19,0.6742450825191451,98,112
بعلبك والهرمل,1,Arabic,الكتابة والتعبير الكتابي,Male,Female,61.86,51.07,10.79,1.1539593388163622e-08,1164,1032
بعلبك والهرمل,1,Arabic,فهم المقروء,Male,Female,30.76,23.55,7.21,3.077559017453729e-05,1164,1032
بعلبك والهرمل,1,Arabic,قراءة جملة,Male,Female,49.54,41.12,8.42,1.5608276368873638e-06,1203,1053
بعلبك والهرمل,1,Arabic,قراءة كلمات,Male,Female,39.9,30.2,9.7,1.7505696444702724e-08,1203,1053
بعلبك والهرمل,1,Arabic,معرفة اسم الحرف,Male,Female,32.67,22.32,10.35,8.398555677529828e-09,1203,1053
بعلبك والهرمل,1,Arabic,معرفة صوت الحرف,Male,Female,40.07,30.39,9.68,1.995374384494739e-08,1203,1053
بعلبك والهرمل,1,English,Letter Recognition,Male,Female,46.46,42.74,3.72,0.13138552074915139,396,365
بعلبك والهرمل,1,English,Reading,Male,Female,64.14,59.18,4.96,0.1757710711402336,396,365
بعلبك والهرمل,1,English,Reading Comprehension,Male,Female,53.06,44.41,8.65,0.1002983384191285,392,358
بعلبك والهرمل,1,English,Sound Recognition,Male,Female,48.23,44.93,3.3,0.14737903896299118,396,365
بعلبك والهرمل,1,English,Word Decoding,Male,Female,63.89,59.45,4.44,0.1096295287969334,396,365
بعلبك والهرمل,1,English,Writing,Male,Female,63.52,62.29,1.23,0.38816776805483477,392,358
بعلبك والهرمل,1,French,Compréhension écrite,Male,Female,42.99,34.08,8.91,3.683863381698978e-05,777,672
بعلبك والهرمل,1,French,Lecture de mots,Male,Female,87.55,80.59,6.96,1.6308796763933575e-07,803,680
بعلبك والهرمل,1,French,Lecture de mots dans une phrase,Male,Female,60.77,50.29,10.48,3.649789115478868e-06,803,680
بعلبك والهرمل,1,French,Nom de la lettre,Male,Female,43.34,29.12,14.22,1.17821053752555e-09,803,680
بعلبك والهرمل,1,French,Son du graphème,Male,Female,45.21,30.29,14.91,1.271113534735865e-09,803,680
بعلبك والهرمل,1,French,Écriture et Production d’écrits,Male,Female,66.54,54.61,11.92,1.9071182836270012e-07,777,672
بعلبك والهرمل,2,Arabic,الكتابة والتعبير الكتابي,Male,Female,62.17,47.85,14.32,1.3721967566544654e-13,1142,999
بعلبك والهرمل,2,Arabic,فهم المقروء,Male,Female,38.44,29.43,9.01,3.1139293110863423e-07,1142,999
بعلبك والهرمل,2,Arabic,قراءة كلمات,Male,Female,100.0,100.0,0.0,1.1061145232341987e-09,1171,1014
بعلبك والهرمل,2,Arabic,قراءة نص,Male,Female,69.94,58.09,11.85,3.1396857960381625e-10,1171,1014
بعلبك والهرمل,2,Arabic,معرفة صوت الحرف,Male,Female,35.01,27.02,7.99,1.9699715529898944e-08,1171,1014
بعلبك والهرمل,2,English,Letter Recognition,Male,Female,41.2,33.33,7.87,0.01825624385853081,449,345
بعلبك والهرمل,2,English,Reading Comprehension,Male,Female,43.58,39.23,4.34,0.024945947734710917,436,339
بعلبك والهرمل,2,English,Sound Recognition,Male,Female,44.1,36.23,7.87,0.015439556261925308,449,345
بعلبك والهرمل,2,English,Text Reading,Male,Female,75.06,64.93,10.13,7.13945039787726e-05,449,345
بعلبك والهرمل,2,English,Word Decoding,Male,Female,71.71,62.32,9.4,8.080517898966845e-05,449,345
بعلبك والهرمل,2,English,Writing,Male,Female,73.85,62.83,11.02,0.0005946197405668223,436,339
بعلبك والهرمل,2,French,Compréhension écrite,Male,Female,36.22,25.45,10.77,7.467939910114851e-07,704,660
بعلبك والهرمل,2,French,Lecture de mots,Male,Female,50.9,42.37,8.54,0.0010201811656966736,719,668
بعلبك والهرمل,2,French,Lecture de texte,Male,Female,70.65,63.17,7.48,0.0029890571692210155,719,668
بعلبك والهرمل,2,French,Nom de la lettre,Male,Female,27.68,22.6,5.07,0.0009645320015398068,719,668
بعلبك والهرمل,2,French,Son du graphème,Male,Female,32.13,25.0,7.13,0.0002962293398374864,719,668
بعلبك والهرمل,2,French,Écriture et Production d’écrits,Male,Female,74.86,61.21,13.65,1.8986172362134773e-09,704,660
بعلبك والهرمل,3,Arabic,الكتابة والتعبير الكتابي,Male,Female,55.28,44.41,10.86,9.030325169566778e-07,1194,1029
بعلبك والهرمل,3,Arabic,فهم المقروء,Male,Female,24.12,21.19,2.93,0.02111414385459072,1194,1029
بعلبك والهرمل,3,Arabic,قراءة كلمات,Male,Female,51.72,41.5,10.22,1.2516053828643612e-06,1218,1053
بعلبك والهرمل,3,Arabic,قراءة نص,Male,Female,67.9,56.89,11.01,2.7450288528383398e-08,1218,1053
بعلبك والهرمل,3,Arabic,معرفة صوت الحرف,Male,Female,28.0,20.61,7.39,1.1048382879715301e-06,1218,1053
بعلبك والهرمل,3,English,Letter Recognition,Male,Female,27.25,19.36,7.89,0.007181000238372393,433,377
بعلبك والهرمل,3,English,Reading Comprehension,Male,Female,37.77,35.14,2.63,0.2544740734609914,421,370
بعلبك والهرمل,3,English,Sound Recognition,Male,Female,31.18,22.81,8.37,0.008080588812971832,433,377
بعلبك والهرمل,3,English,Text Reading,Male,Female,58.43,46.95,11.48,0.008175634319819257,433,377
بعلبك والهرمل,3,English,Word Decoding,Male,Female,57.51,50.66,6.84,0.00965626902909369,433,377
بعلبك والهرمل,3,English,Writing,Male,Female,72.45,66.76,5.69,0.05075883470544097,421,370
بعلبك والهرمل,3,French,Compréhension écrite,Male,Female,34.97,24.25,10.72,9.229367164869449e-06,775,664
بعلبك والهرمل,3,French,Lecture de mots,Male,Female,54.65,46.04,8.61,0.00025003180595684483,785,682
بعلبك والهرمل,3,French,Lecture de texte,Male,Female,74.78,67.16,7.62,0.0019458028014009445,785,682
بعلبك والهرمل,3,French,Nom de la lettre,Male,Female,22.42,17.74,4.68,0.0017418519233960486,785,682
بعلبك والهرمل,3,French,Son du graphème,Male,Female,31.08,25.95,5.13,0.0036455195124604693,785,682
بعلبك والهرمل,3,French,Écriture et Production d’écrits,Male,Female,70.58,57.98,12.6,3.448349275419094e-08,775,664
بعلبك والهرمل,4,Arabic,الكتابة والتعبير الكتابي,Male,Female,55.87,38.68,17.19,9.618210464640495e-22,1235,1166
بعلبك والهرمل,4,Arabic,فهم المقروء,Male,Female,24.13,16.38,7.75,3.462340265659466e-07,1235,1166
بعلبك والهرمل,4,Arabic,قراءة كلمات,Male,Female,36.25,27.6,8.66,2.3153137499443643e-08,1255,1174
بعلبك والهرمل,4,Arabic,معرفة صوت الحرف,Male,Female,24.78,18.57,6.21,2.6831876881024914e-08,1255,1174
بعلبك والهرمل,4,English,Letter Recognition,Male,Female,31.83,23.04,8.79,0.00679184233320522,421,408
بعلبك والهرمل,4,English,Reading Comprehension,Male,Female,56.28,43.24,13.04,0.003141836391668371,414,407
بعلبك والهرمل,4,English,Sound Recognition,Male,Female,36.82,28.68,8.14,0.011196060037663332,421,408
بعلبك والهرمل,4,English,Text Reading,Male,Female,76.48,71.32,5.16,0.01781243983221263,421,408
بعلبك والهرمل,4,English,Word Decoding,Male,Female,58.91,51.72,7.19,0.005754110710181633,421,408
بعلبك والهرمل,4,English,Writing,Male,Female,75.12,69.78,5.34,0.004751327578797641,414,407
بعلبك والهرمل,4,French,Compréhension écrite,Male,Female,46.79,38.9,7.88,2.7057631542760428e-05,825,766
بعلبك والهرمل,4,French,Lecture de mots,Male,Female,51.64,40.68,10.95,3.3295634917132107e-06,825,762
بعلبك والهرمل,4,French,Lecture de texte,Male,Female,100.0,99.87,0.13,2.864594826939108e-09,825,762
بعلبك والهرمل,4,French,Nom de la lettre,Male,Female,24.12,16.8,7.32,2.9671151459683565e-05,825,762
بعلبك والهرمل,4,French,Son du graphème,Male,Female,33.45,23.88,9.57,4.300032948091912e-06,825,762
بعلبك والهرمل,4,French,Écriture et Production d’écrits,Male,Female,85.33,77.68,7.66,4.143918510165796e-09,825,766
بعلبك والهرمل,5,Arabic,الكتابة والتعبير الكتابي,Male,Female,44.63,33.33,11.29,8.499515382485532e-10,977,948
بعلبك والهرمل,5,Arabic,فهم المقروء,Male,Female,21.08,13.92,7.16,1.3661583983823208e-05,977,948
بعلبك والهرمل,5,Arabic,قراءة كلمات,Male,Female,28.05,17.34,10.71,7.970816376577197e-11,1009,969
بعلبك والهرمل,5,Arabic,قراءة نص,Male,Female,55.0,43.45,11.56,3.350283196154569e-10,1009,969
بعلبك والهرمل,5,Arabic,معرفة صوت الحرف,Male,Female,24.48,16.62,7.86,2.7034715473869625e-07,1009,969
بعلبك والهرمل,5,English,Letter Recognition,Male,Female,28.35,22.98,5.37,0.044485753002462734,321,322
بعلبك والهرمل,5,English,Reading Comprehension,Male,Female,45.68,37.81,7.87,0.12233443422418495,324,320
بعلبك والهرمل,5,English,Sound Recognition,Male,Female,33.33,24.22,9.11,0.03348585592436966,321,322
بعلبك والهرمل,5,English,Text Reading,Male,Female,58.88,49.38,9.5,0.0021023435220032835,321,322
بعلبك والهرمل,5,English,Word Decoding,Male,Female,59.81,52.17,7.64,0.03793586294582967,321,322
بعلبك والهرمل,5,English,Writing,Male,Female,75.31,63.44,11.87,0.005314441375440305,324,320
بعلبك والهرمل,5,French,Compréhension écrite,Male,Female,35.91,24.96,10.95,1.0444262940368413e-06,660,633
بعلبك والهرمل,5,French,Lecture de mots,Male,Female,47.86,35.0,12.86,1.0724958363858347e-08,679,640
بعلبك والهرمل,5,French,Lecture de texte,Male,Female,69.37,58.75,10.62,1.818719426372989e-06,679,640
بعلبك والهرمل,5,French,Nom de la lettre,Male,Female,99.85,100.0,-0.15,0.31772096651648696,679,640
بعلبك والهرمل,5,French,Son du graphème,Male,Female,26.22,20.47,5.75,1.3363420544611217e-05,679,640
بعلبك والهرمل,5,French,Écriture et Production d’écrits,Male,Female,80.76,72.83,7.93,7.959608489466121e-05,660,633
بعلبك والهرمل,6,Arabic,الكتابة والتعبير الكتابي,Male,Female,48.8,33.11,15.7,5.888921041390186e-18,961,1033
بعلبك والهرمل,6,Arabic,فهم المقروء,Male,Female,19.25,11.62,7.63,3.277963795003273e-10,961,1033
بعلبك والهرمل,6,Arabic,قراءة كلمات,Male,Female,29.75,21.79,7.96,2.72243047042943e-09,968,1037
بعلبك والهرمل,6,Arabic,معرفة صوت الحرف,Male,Female,21.59,15.81,5.78,4.784918757509035e-07,968,1037
بعلبك والهرمل,6,English,Letter Recognition,Male,Female,23.03,17.27,5.76,0.016139058596945546,317,359
بعلبك والهرمل,6,English,Reading Comprehension,Male,Female,46.84,44.41,2.42,0.08380659534927416,316,358
بعلبك والهرمل,6,English,Sound Recognition,Male,Female,27.44,20.89,6.55,0.021264314427244906,317,359
بعلبك والهرمل,6,English,Text Reading,Male,Female,55.52,44.57,10.95,0.00177203570125753,317,359
بعلبك والهرمل,6,English,Word Decoding,Male,Female,63.72,54.04,9.68,0.0004970058151187119,317,359
بعلبك والهرمل,6,English,Writing,Male,Female,61.71,50.84,10.87,0.0035364403309597267,316,358
بعلبك والهرمل,6,French,Compréhension écrite,Male,Female,42.53,31.48,11.05,1.7324724628647067e-06,649,683
بعلبك والهرمل,6,French,Lecture de mots,Male,Female,39.55,26.74,12.8,1.2073421147394622e-08,660,688
بعلبك والهرمل,6,French,Lecture de texte,Male,Female,70.3,55.23,15.07,1.962984306883376e-11,660,688
بعلبك والهرمل,6,French,Nom de la lettre,Male,Female,14.85,8.72,6.13,0.00015266804791195488,660,688
بعلبك والهرمل,6,French,Son du graphème,Male,Female,28.48,17.88,10.61,3.942917022911678e-07,660,688
بعلبك والهرمل,6,French,Écriture et Production d’écrits,Male,Female,72.88,56.81,16.07,1.6979750834628238e-13,649,683
