﻿region,grade,subject,domain,focus_group,avg_score,pct_below,gap_pp,p_value,n_group,flag_overlap
Beirut,1,Arabic,الكتابة والتعبير الكتابي,Boys,28.0,77.81,7.99,0.0007406474518180872,312,True
Beirut,1,Arabic,فهم المقروء,Boys,53.68,46.09,13.64,0.0001366692374356371,312,True
Beirut,1,Arabic,قراءة كلمات,Boys,32.46,61.49,6.8,0.027334569798576094,319,True
Beirut,1,Arabic,معرفة اسم الحرف,Boys,50.53,44.29,7.49,0.012235184330809983,319,True
Beirut,1,English,Reading Comprehension,Boys,48.27,48.85,9.12,0.02760462977869395,270,True
Beirut,1,English,Sound Recognition,Boys,49.7,46.55,11.71,0.00012067440127590198,277,True
Beirut,1,English,Word Decoding,Boys,25.52,67.24,9.16,0.011303059910836064,277,True
Beirut,1,English,Writing,Boys,27.37,77.95,10.24,5.8413714251676234e-05,270,True
Beirut,2,English,Word Decoding,Girls,22.66,76.63,-6.64,0.039154285229685296,302,True
Beirut,3,Arabic,الكتابة والتعبير الكتابي,Boys,38.57,64.71,11.11,0.0001507009106550313,339,True
Beirut,3,English,Writing,Boys,19.8,89.27,7.1,8.239310541376092e-06,285,True
Beirut,5,Arabic,قراءة كلمات,Boys,61.71,32.73,6.38,0.02857338870631047,380,True
Beirut,5,French,Lecture de texte,Boys,29.05,72.5,17.42,0.006332605854693119,59,True
Beirut,5,French,Écriture et Production d’écrits,Boys,20.51,91.45,9.82,4.537990924353842e-06,57,True
Beirut,6,French,Lecture de mots,Girls,52.45,42.33,-11.56,0.010309178536525297,81,True
Bekaa,1,French,Lecture de mots dans une phrase,Boys,26.0,71.99,11.48,0.003337502856049086,275,True
Bekaa,1,French,Nom de la lettre,Boys,48.41,47.04,10.31,0.011839401566896883,275,True
Bekaa,1,French,Écriture et Production d’écrits,Boys,28.82,74.02,9.08,0.00025045520692261767,265,True
Bekaa,5,English,Writing,Boys,26.88,82.74,6.33,3.6478486881596745e-05,632,True
North,3,English,Text Reading,Boys,30.45,70.51,14.14,0.00011590615318005006,171,True
North,6,French,Écriture et Production d’écrits,Boys,32.67,71.57,12.96,2.705866402054321e-52,3496,True
South,5,English,Text Reading,Boys,42.75,54.2,6.84,0.001828726919211999,1328,True
بعلبك والهرمل,4,English,Letter Recognition,Boys,66.66,27.5,8.79,0.00679184233320522,408,True
بعلبك والهرمل,5,English,Letter Recognition,Boys,68.14,25.66,5.37,0.044485753002462734,321,True
بعلبك والهرمل,5,English,Sound Recognition,Boys,61.21,28.77,9.11,0.03348585592436966,321,True
بعلبك والهرمل,5,English,Text Reading,Boys,42.59,54.12,9.5,0.0021023435220032835,321,True
بعلبك والهرمل,6,English,Word Decoding,Boys,37.13,58.58,9.68,0.0004970058151187119,317,True
