[
  {
    "n": 19640,
    "pos_rate": 0.4656313645621181,
    "auc_mean": 1.0,
    "ap_mean": 1.0,
    "brier_mean": 0.0005250050996131006,
    "folds": [
      {
        "fold": 0,
        "auc": 0.9999999999999999,
        "avg_precision": 1.0,
        "brier": 0.0004540362008776525
      },
      {
        "fold": 1,
        "auc": 1.0,
        "avg_precision": 1.0,
        "brier": 0.0004627685194618154
      },
      {
        "fold": 2,
        "auc": 1.0,
        "avg_precision": 1.0,
        "brier": 0.0005317370303607579
      },
      {
        "fold": 3,
        "auc": 1.0,
        "avg_precision": 1.0,
        "brier": 0.0005331621630422586
      },
      {
        "fold": 4,
        "auc": 1.0,
        "avg_precision": 1.0,
        "brier": 0.0006433215843230184
      }
    ],
    "file": "Grade_1.xlsx",
    "sheet": "Math - Written",
    "grade": 1,
    "subject": "Math",
    "modality": "Written"
  },
  {
    "n": 10935,
    "pos_rate": 0.1534522176497485,
    "auc_mean": 0.9999845541130992,
    "ap_mean": 0.9999144937424305,
    "brier_mean": 0.0007682192592046145,
    "folds": [
      {
        "fold": 0,
        "auc": 1.0,
        "avg_precision": 1.0,
        "brier": 0.0002458385867255685
      },
      {
        "fold": 1,
        "auc": 0.9999790464524032,
        "avg_precision": 0.9998842088972385,
        "brier": 0.0011347508563271025
      },
      {
        "fold": 2,
        "auc": 0.9999758817627538,
        "avg_precision": 0.9998666497877315,
        "brier": 0.0010343447814305856
      },
      {
        "fold": 3,
        "auc": 0.9999678423503383,
        "avg_precision": 0.9998216100271823,
        "brier": 0.0011914253420237234
      },
      {
        "fold": 4,
        "auc": 1.0,
        "avg_precision": 1.0,
        "brier": 0.00023473672951609246
      }
    ],
    "file": "Grade_1.xlsx",
    "sheet": "Fr - Oral",
    "grade": 1,
    "subject": "French",
    "modality": "Oral"
  },
  {
    "n": 10665,
    "pos_rate": 0.4470698546647914,
    "auc_mean": 1.0,
    "ap_mean": 1.0,
    "brier_mean": 0.00014627614531070719,
    "folds": [
      {
        "fold": 0,
        "auc": 1.0,
        "avg_precision": 1.0,
        "brier": 0.0001648674382935271
      },
      {
        "fold": 1,
        "auc": 1.0,
        "avg_precision": 1.0,
        "brier": 0.00014802504052965605
      },
      {
        "fold": 2,
        "auc": 1.0,
        "avg_precision": 1.0,
        "brier": 0.000160612199291059
      },
      {
        "fold": 3,
        "auc": 1.0,
        "avg_precision": 1.0,
        "brier": 0.00013258114767314563
      },
      {
        "fold": 4,
        "auc": 1.0,
        "avg_precision": 1.0,
        "brier": 0.0001252949007661482
      }
    ],
    "file": "Grade_1.xlsx",
    "sheet": "Fr - Written",
    "grade": 1,
    "subject": "French",
    "modality": "Written"
  },
  {
    "n": 9265,
    "pos_rate": 0.15477603885590935,
    "auc_mean": 0.9999902100827247,
    "ap_mean": 0.9999461340321878,
    "brier_mean": 0.0008818724133587343,
    "folds": [
      {
        "fold": 0,
        "auc": 1.0,
        "avg_precision": 0.9999999999999999,
        "brier": 0.0005243722632246857
      },
      {
        "fold": 1,
        "auc": 1.0,
        "avg_precision": 1.0,
        "brier": 0.0008517417784209131
      },
      {
        "fold": 2,
        "auc": 1.0,
        "avg_precision": 1.0,
        "brier": 0.00047628380785206794
      },
      {
        "fold": 3,
        "auc": 0.9999577253572207,
        "avg_precision": 0.9997669235957205,
        "brier": 0.001498337744154352
      },
      {
        "fold": 4,
        "auc": 0.9999933250564033,
        "avg_precision": 0.9999637465652181,
        "brier": 0.0010586264731416524
      }
    ],
    "file": "Grade_1.xlsx",
    "sheet": "Eng - Oral",
    "grade": 1,
    "subject": "English",
    "modality": "Oral"
  },
  {
    "n": 9004,
    "pos_rate": 0.4050422034651266,
    "auc_mean": 1.0,
    "ap_mean": 1.0,
    "brier_mean": 0.0002512943264597788,
    "folds": [
      {
        "fold": 0,
        "auc": 1.0,
        "avg_precision": 1.0,
        "brier": 0.0002594026973228495
      },
      {
        "fold": 1,
        "auc": 1.0,
        "avg_precision": 1.0,
        "brier": 0.00021605102739017992
      },
      {
        "fold": 2,
        "auc": 1.0,
        "avg_precision": 1.0,
        "brier": 0.00027999067348295813
      },
      {
        "fold": 3,
        "auc": 1.0,
        "avg_precision": 1.0,
        "brier": 0.0002585004743205196
      },
      {
        "fold": 4,
        "auc": 1.0,
        "avg_precision": 1.0,
        "brier": 0.00024252675978238681
      }
    ],
    "file": "Grade_1.xlsx",
    "sheet": "En - Written",
    "grade": 1,
    "subject": "English",
    "modality": "Written"
  },
  {
    "n": 20144,
    "pos_rate": 0.16039515488482922,
    "auc_mean": 0.9999998169686531,
    "ap_mean": 0.9999990444520888,
    "brier_mean": 0.0002993207846563059,
    "folds": [
      {
        "fold": 0,
        "auc": 0.9999990848432656,
        "avg_precision": 0.999995222260444,
        "brier": 0.00044620319602129175
      },
      {
        "fold": 1,
        "auc": 1.0,
        "avg_precision": 1.0,
        "brier": 0.00018151665228467403
      },
      {
        "fold": 2,
        "auc": 1.0,
        "avg_precision": 0.9999999999999999,
        "brier": 0.0004719635226787795
      },
      {
        "fold": 3,
        "auc": 1.0,
        "avg_precision": 1.0,
        "brier": 0.00011360931540815369
      },
      {
        "fold": 4,
        "auc": 0.9999999999999999,
        "avg_precision": 0.9999999999999999,
        "brier": 0.00028331123688863047
      }
    ],
    "file": "Grade_1.xlsx",
    "sheet": "Ar - Oral",
    "grade": 1,
    "subject": "Arabic",
    "modality": "Oral"
  },
  {
    "n": 19643,
    "pos_rate": 0.38980807412309726,
    "auc_mean": 1.0,
    "ap_mean": 1.0,
    "brier_mean": 0.0009092282640102978,
    "folds": [
      {
        "fold": 0,
        "auc": 1.0,
        "avg_precision": 1.0,
        "brier": 0.0006915786808562847
      },
      {
        "fold": 1,
        "auc": 1.0,
        "avg_precision": 1.0,
        "brier": 0.0006087140741574595
      },
      {
        "fold": 2,
        "auc": 1.0,
        "avg_precision": 1.0,
        "brier": 0.0013475125772300564
      },
      {
        "fold": 3,
        "auc": 1.0,
        "avg_precision": 1.0,
        "brier": 0.0006062467160839153
      },
      {
        "fold": 4,
        "auc": 1.0,
        "avg_precision": 1.0,
        "brier": 0.0012920892717237734
      }
    ],
    "file": "Grade_1.xlsx",
    "sheet": "Ar - Written",
    "grade": 1,
    "subject": "Arabic",
    "modality": "Written"
  },
  {
    "n": 20135,
    "pos_rate": 0.40913831636453935,
    "auc_mean": 1.0,
    "ap_mean": 1.0,
    "brier_mean": 0.0009963452504189447,
    "folds": [
      {
        "fold": 0,
        "auc": 1.0,
        "avg_precision": 1.0,
        "brier": 0.0010665503043830956
      },
      {
        "fold": 1,
        "auc": 1.0,
        "avg_precision": 1.0,
        "brier": 0.0010935176974913707
      },
      {
        "fold": 2,
        "auc": 1.0,
        "avg_precision": 1.0,
        "brier": 0.0010808555344112181
      },
      {
        "fold": 3,
        "auc": 1.0,
        "avg_precision": 1.0,
        "brier": 0.0009121992570615298
      },
      {
        "fold": 4,
        "auc": 0.9999999999999999,
        "avg_precision": 1.0,
        "brier": 0.0008286034587475095
      }
    ],
    "file": "Grade_2.xlsx",
    "sheet": "Math - written",
    "grade": 2,
    "subject": "Math",
    "modality": "Written"
  },
  {
    "n": 9240,
    "pos_rate": 0.420995670995671,
    "auc_mean": 1.0,
    "ap_mean": 1.0,
    "brier_mean": 0.0001780788915502118,
    "folds": [
      {
        "fold": 0,
        "auc": 1.0,
        "avg_precision": 1.0,
        "brier": 0.00016545011259387689
      },
      {
        "fold": 1,
        "auc": 1.0,
        "avg_precision": 1.0,
        "brier": 0.0001818968995737392
      },
      {
        "fold": 2,
        "auc": 1.0,
        "avg_precision": 1.0,
        "brier": 0.000172435331552024
      },
      {
        "fold": 3,
        "auc": 1.0,
        "avg_precision": 1.0,
        "brier": 0.00020001204070007754
      },
      {
        "fold": 4,
        "auc": 1.0,
        "avg_precision": 1.0,
        "brier": 0.0001706000733313415
      }
    ],
    "file": "Grade_2.xlsx",
    "sheet": "En - written",
    "grade": 2,
    "subject": "English",
    "modality": "Written"
  },
  {
    "n": 9511,
    "pos_rate": 0.27179055830091475,
    "auc_mean": 0.9999977655035647,
    "ap_mean": 0.9999940441602938,
    "brier_mean": 0.0006143052298552625,
    "folds": [
      {
        "fold": 0,
        "auc": 1.0,
        "avg_precision": 1.0,
        "brier": 0.0004085682891627637
      },
      {
        "fold": 1,
        "auc": 0.9999986034397279,
        "avg_precision": 0.9999962659537127,
        "brier": 0.0005473872936969966
      },
      {
        "fold": 2,
        "auc": 0.9999930171986396,
        "avg_precision": 0.9999814085509422,
        "brier": 0.0009977119560438303
      },
      {
        "fold": 3,
        "auc": 1.0,
        "avg_precision": 1.0,
        "brier": 0.00035284898347537596
      },
      {
        "fold": 4,
        "auc": 0.9999972068794558,
        "avg_precision": 0.9999925462968139,
        "brier": 0.0007650096268973458
      }
    ],
    "file": "Grade_2.xlsx",
    "sheet": "En - oral",
    "grade": 2,
    "subject": "English",
    "modality": "Oral"
  },
  {
    "n": 10895,
    "pos_rate": 0.4581000458926113,
    "auc_mean": 1.0,
    "ap_mean": 1.0,
    "brier_mean": 9.620919045071393e-05,
    "folds": [
      {
        "fold": 0,
        "auc": 1.0,
        "avg_precision": 1.0,
        "brier": 9.71899906235416e-05
      },
      {
        "fold": 1,
        "auc": 1.0,
        "avg_precision": 1.0,
        "brier": 0.0001082565278113841
      },
      {
        "fold": 2,
        "auc": 1.0,
        "avg_precision": 1.0,
        "brier": 8.229218158477867e-05
      },
      {
        "fold": 3,
        "auc": 1.0,
        "avg_precision": 1.0,
        "brier": 8.782843502387954e-05
      },
      {
        "fold": 4,
        "auc": 1.0,
        "avg_precision": 1.0,
        "brier": 0.0001054788172099858
      }
    ],
    "file": "Grade_2.xlsx",
    "sheet": "Fr - written",
    "grade": 2,
    "subject": "French",
    "modality": "Written"
  },
  {
    "n": 11105,
    "pos_rate": 0.22557406573615488,
    "auc_mean": 0.9999960544028224,
    "ap_mean": 0.9999864983969342,
    "brier_mean": 0.0006914611534139969,
    "folds": [
      {
        "fold": 0,
        "auc": 0.9999976790604836,
        "avg_precision": 0.9999920635865447,
        "brier": 0.0005561098495754459
      },
      {
        "fold": 1,
        "auc": 0.9999930371814512,
        "avg_precision": 0.9999762378127262,
        "brier": 0.000896318403814013
      },
      {
        "fold": 2,
        "auc": 1.0,
        "avg_precision": 1.0,
        "brier": 0.00041377696607978564
      },
      {
        "fold": 3,
        "auc": 0.9999907162419348,
        "avg_precision": 0.9999681666969222,
        "brier": 0.0010476081653110422
      },
      {
        "fold": 4,
        "auc": 0.9999988395302419,
        "avg_precision": 0.999996023888478,
        "brier": 0.0005434923822896973
      }
    ],
    "file": "Grade_2.xlsx",
    "sheet": "Fr - oral",
    "grade": 2,
    "subject": "French",
    "modality": "Oral"
  },
  {
    "n": 20123,
    "pos_rate": 0.3804601699547781,
    "auc_mean": 1.0,
    "ap_mean": 1.0,
    "brier_mean": 0.0007518137493106346,
    "folds": [
      {
        "fold": 0,
        "auc": 1.0,
        "avg_precision": 1.0,
        "brier": 0.0009832365892824587
      },
      {
        "fold": 1,
        "auc": 1.0000000000000002,
        "avg_precision": 1.0,
        "brier": 0.0005341128309630806
      },
      {
        "fold": 2,
        "auc": 1.0,
        "avg_precision": 1.0,
        "brier": 0.0009488950881488235
      },
      {
        "fold": 3,
        "auc": 1.0,
        "avg_precision": 1.0,
        "brier": 0.0006811665751773175
      },
      {
        "fold": 4,
        "auc": 1.0,
        "avg_precision": 1.0,
        "brier": 0.0006116576629814931
      }
    ],
    "file": "Grade_2.xlsx",
    "sheet": "Ar - written",
    "grade": 2,
    "subject": "Arabic",
    "modality": "Written"
  },
  {
    "n": 20591,
    "pos_rate": 0.21863921130591035,
    "auc_mean": 1.0,
    "ap_mean": 1.0,
    "brier_mean": 0.00020942883200434351,
    "folds": [
      {
        "fold": 0,
        "auc": 1.0,
        "avg_precision": 1.0,
        "brier": 0.00026417895467780594
      },
      {
        "fold": 1,
        "auc": 1.0,
        "avg_precision": 1.0,
        "brier": 0.0003215885543016744
      },
      {
        "fold": 2,
        "auc": 1.0,
        "avg_precision": 1.0,
        "brier": 9.028888307711133e-05
      },
      {
        "fold": 3,
        "auc": 1.0,
        "avg_precision": 1.0,
        "brier": 0.00010006513062798079
      },
      {
        "fold": 4,
        "auc": 1.0,
        "avg_precision": 1.0,
        "brier": 0.0002710226373371451
      }
    ],
    "file": "Grade_2.xlsx",
    "sheet": "Ar - oral",
    "grade": 2,
    "subject": "Arabic",
    "modality": "Oral"
  },
  {
    "n": 21220,
    "pos_rate": 0.4490103675777568,
    "auc_mean": 1.0,
    "ap_mean": 1.0,
    "brier_mean": 0.0011722318638166815,
    "folds": [
      {
        "fold": 0,
        "auc": 0.9999999999999999,
        "avg_precision": 1.0,
        "brier": 0.0015076195705831146
      },
      {
        "fold": 1,
        "auc": 1.0,
        "avg_precision": 1.0,
        "brier": 0.0013248089028376118
      },
      {
        "fold": 2,
        "auc": 1.0,
        "avg_precision": 1.0,
        "brier": 0.0012691439224085338
      },
      {
        "fold": 3,
        "auc": 0.9999999999999999,
        "avg_precision": 1.0,
        "brier": 0.0006022983561867775
      },
      {
        "fold": 4,
        "auc": 1.0,
        "avg_precision": 1.0,
        "brier": 0.00115728856706737
      }
    ],
    "file": "Grade_3.xlsx",
    "sheet": "Maths - written",
    "grade": 3,
    "subject": "Math",
    "modality": "Written"
  },
  {
    "n": 9682,
    "pos_rate": 0.4464986573022103,
    "auc_mean": 1.0,
    "ap_mean": 1.0,
    "brier_mean": 0.00012115546546647222,
    "folds": [
      {
        "fold": 0,
        "auc": 1.0,
        "avg_precision": 1.0,
        "brier": 0.00014259638228384706
      },
      {
        "fold": 1,
        "auc": 1.0,
        "avg_precision": 1.0,
        "brier": 0.0001223008612870843
      },
      {
        "fold": 2,
        "auc": 1.0,
        "avg_precision": 1.0,
        "brier": 0.00011134412437942799
      },
      {
        "fold": 3,
        "auc": 1.0,
        "avg_precision": 1.0,
        "brier": 0.00011541738065953305
      },
      {
        "fold": 4,
        "auc": 1.0,
        "avg_precision": 1.0,
        "brier": 0.00011411857872246873
      }
    ],
    "file": "Grade_3.xlsx",
    "sheet": "En - written",
    "grade": 3,
    "subject": "English",
    "modality": "Written"
  },
  {
    "n": 9936,
    "pos_rate": 0.21034621578099838,
    "auc_mean": 0.9999966468931841,
    "ap_mean": 0.9999874604241539,
    "brier_mean": 0.0007728063464496694,
    "folds": [
      {
        "fold": 0,
        "auc": 0.9999893334958706,
        "avg_precision": 0.9999601272023589,
        "brier": 0.001389019654831139
      },
      {
        "fold": 1,
        "auc": 0.9999969504850253,
        "avg_precision": 0.9999886078833448,
        "brier": 0.0010884630603045235
      },
      {
        "fold": 2,
        "auc": 1.0,
        "avg_precision": 1.0,
        "brier": 0.00022984711554684071
      },
      {
        "fold": 3,
        "auc": 0.9999969504850253,
        "avg_precision": 0.9999885670350659,
        "brier": 0.0008702162959325824
      },
      {
        "fold": 4,
        "auc": 1.0,
        "avg_precision": 1.0,
        "brier": 0.00028648560563326143
      }
    ],
    "file": "Grade_3.xlsx",
    "sheet": "En - oral",
    "grade": 3,
    "subject": "English",
    "modality": "Oral"
  },
  {
    "n": 11716,
    "pos_rate": 0.18265619665414817,
    "auc_mean": 0.9999934129819007,
    "ap_mean": 0.9999703636302882,
    "brier_mean": 0.0005536846346268755,
    "folds": [
      {
        "fold": 0,
        "auc": 0.9999865861510546,
        "avg_precision": 0.9999393944929882,
        "brier": 0.0008238118100485122
      },
      {
        "fold": 1,
        "auc": 0.9999951196896123,
        "avg_precision": 0.999978138343121,
        "brier": 0.0005346507232970449
      },
      {
        "fold": 2,
        "auc": 1.0,
        "avg_precision": 0.9999999999999999,
        "brier": 7.911477741881772e-05
      },
      {
        "fold": 3,
        "auc": 0.9999963397672093,
        "avg_precision": 0.9999836229642434,
        "brier": 0.0005347979837688893
      },
      {
        "fold": 4,
        "auc": 0.9999890193016275,
        "avg_precision": 0.9999506623510885,
        "brier": 0.0007960478786011131
      }
    ],
    "file": "Grade_3.xlsx",
    "sheet": "Fr - oral",
    "grade": 3,
    "subject": "French",
    "modality": "Oral"
  },
  {
    "n": 11536,
    "pos_rate": 0.4507628294036061,
    "auc_mean": 1.0,
    "ap_mean": 1.0,
    "brier_mean": 6.0341058947604675e-05,
    "folds": [
      {
        "fold": 0,
        "auc": 1.0,
        "avg_precision": 1.0,
        "brier": 5.202386285942772e-05
      },
      {
        "fold": 1,
        "auc": 1.0,
        "avg_precision": 1.0,
        "brier": 5.5932019853598006e-05
      },
      {
        "fold": 2,
        "auc": 1.0,
        "avg_precision": 1.0,
        "brier": 6.80739753531803e-05
      },
      {
        "fold": 3,
        "auc": 1.0,
        "avg_precision": 1.0,
        "brier": 5.817346471271768e-05
      },
      {
        "fold": 4,
        "auc": 1.0,
        "avg_precision": 1.0,
        "brier": 6.750197195909969e-05
      }
    ],
    "file": "Grade_3.xlsx",
    "sheet": "Fr -written",
    "grade": 3,
    "subject": "French",
    "modality": "Written"
  },
  {
    "n": 21201,
    "pos_rate": 0.3259280222631008,
    "auc_mean": 1.0,
    "ap_mean": 1.0,
    "brier_mean": 0.0003400173215836884,
    "folds": [
      {
        "fold": 0,
        "auc": 1.0,
        "avg_precision": 1.0,
        "brier": 0.0002170801263582282
      },
      {
        "fold": 1,
        "auc": 1.0,
        "avg_precision": 1.0,
        "brier": 0.0003588668607785894
      },
      {
        "fold": 2,
        "auc": 1.0,
        "avg_precision": 1.0,
        "brier": 0.00022233485596785985
      },
      {
        "fold": 3,
        "auc": 1.0,
        "avg_precision": 1.0,
        "brier": 0.0007938801761883862
      },
      {
        "fold": 4,
        "auc": 1.0,
        "avg_precision": 1.0,
        "brier": 0.00010792458862537845
      }
    ],
    "file": "Grade_3.xlsx",
    "sheet": "Ar - written",
    "grade": 3,
    "subject": "Arabic",
    "modality": "Written"
  },
  {
    "n": 21635,
    "pos_rate": 0.16653570603189277,
    "auc_mean": 0.999998615345206,
    "ap_mean": 0.9999931554934436,
    "brier_mean": 0.0002437544454235167,
    "folds": [
      {
        "fold": 0,
        "auc": 1.0,
        "avg_precision": 0.9999999999999999,
        "brier": 8.415880759043204e-05
      },
      {
        "fold": 1,
        "auc": 1.0,
        "avg_precision": 1.0,
        "brier": 0.00031187267492237297
      },
      {
        "fold": 2,
        "auc": 1.0,
        "avg_precision": 0.9999999999999998,
        "brier": 8.009228823086508e-05
      },
      {
        "fold": 3,
        "auc": 0.9999930767260299,
        "avg_precision": 0.9999657774672183,
        "brier": 0.0006578999027093659
      },
      {
        "fold": 4,
        "auc": 1.0,
        "avg_precision": 1.0,
        "brier": 8.474855366454747e-05
      }
    ],
    "file": "Grade_3.xlsx",
    "sheet": "Ar - oral",
    "grade": 3,
    "subject": "Arabic",
    "modality": "Oral"
  },
  {
    "n": 23996,
    "pos_rate": 0.6686114352392065,
    "auc_mean": 1.0,
    "ap_mean": 1.0,
    "brier_mean": 0.00122108036607145,
    "folds": [
      {
        "fold": 0,
        "auc": 1.0,
        "avg_precision": 1.0,
        "brier": 0.0013192494963919232
      },
      {
        "fold": 1,
        "auc": 1.0,
        "avg_precision": 1.0,
        "brier": 0.0013998720584312097
      },
      {
        "fold": 2,
        "auc": 1.0,
        "avg_precision": 1.0,
        "brier": 0.0010837585336590694
      },
      {
        "fold": 3,
        "auc": 1.0,
        "avg_precision": 1.0,
        "brier": 0.0012641408827013044
      },
      {
        "fold": 4,
        "auc": 0.9999999999999999,
        "avg_precision": 1.0,
        "brier": 0.0010383808591737436
      }
    ],
    "file": "Grade_4.xlsx",
    "sheet": "Math -  written",
    "grade": 4,
    "subject": "Math",
    "modality": "Written"
  },
  {
    "n": 10820,
    "pos_rate": 0.1878003696857671,
    "auc_mean": 0.9999960791643536,
    "ap_mean": 0.9999833240408327,
    "brier_mean": 0.0005313869279847902,
    "folds": [
      {
        "fold": 0,
        "auc": 0.999998598945286,
        "avg_precision": 0.9999939482698104,
        "brier": 0.00039328051667539016
      },
      {
        "fold": 1,
        "auc": 0.999987390507574,
        "avg_precision": 0.9999465843670247,
        "brier": 0.0011497378319261335
      },
      {
        "fold": 2,
        "auc": 1.0,
        "avg_precision": 0.9999999999999999,
        "brier": 0.00023896096971968205
      },
      {
        "fold": 3,
        "auc": 1.0,
        "avg_precision": 1.0,
        "brier": 0.0002984727649970676
      },
      {
        "fold": 4,
        "auc": 0.9999944063689084,
        "avg_precision": 0.9999760875673285,
        "brier": 0.0005764825566056776
      }
    ],
    "file": "Grade_4.xlsx",
    "sheet": "En - oral",
    "grade": 4,
    "subject": "English",
    "modality": "Oral"
  },
  {
    "n": 10598,
    "pos_rate": 0.5088695980373655,
    "auc_mean": 1.0,
    "ap_mean": 1.0,
    "brier_mean": 8.290767440335362e-05,
    "folds": [
      {
        "fold": 0,
        "auc": 1.0,
        "avg_precision": 1.0,
        "brier": 8.218165265996293e-05
      },
      {
        "fold": 1,
        "auc": 1.0,
        "avg_precision": 1.0,
        "brier": 8.26675121501774e-05
      },
      {
        "fold": 2,
        "auc": 1.0,
        "avg_precision": 1.0,
        "brier": 9.139459587225745e-05
      },
      {
        "fold": 3,
        "auc": 1.0,
        "avg_precision": 1.0,
        "brier": 8.734585968375265e-05
      },
      {
        "fold": 4,
        "auc": 1.0,
        "avg_precision": 1.0,
        "brier": 7.094875165061771e-05
      }
    ],
    "file": "Grade_4.xlsx",
    "sheet": "En - written",
    "grade": 4,
    "subject": "English",
    "modality": "Written"
  },
  {
    "n": 13652,
    "pos_rate": 0.1675212423088192,
    "auc_mean": 0.9999408276409447,
    "ap_mean": 0.999779233422279,
    "brier_mean": 0.0004620773228863059,
    "folds": [
      {
        "fold": 0,
        "auc": 0.9999990394165801,
        "avg_precision": 0.9999952431239355,
        "brier": 0.0005484006347390645
      },
      {
        "fold": 1,
        "auc": 0.9997060614734965,
        "avg_precision": 0.9989057016813618,
        "brier": 0.0010301835622059648
      },
      {
        "fold": 2,
        "auc": 1.0,
        "avg_precision": 1.0,
        "brier": 0.0002049890333018723
      },
      {
        "fold": 3,
        "auc": 1.0,
        "avg_precision": 1.0,
        "brier": 0.0001714936079974853
      },
      {
        "fold": 4,
        "auc": 0.999999037314647,
        "avg_precision": 0.9999952223060973,
        "brier": 0.0003553197761871423
      }
    ],
    "file": "Grade_4.xlsx",
    "sheet": "Fr - oral",
    "grade": 4,
    "subject": "French",
    "modality": "Oral"
  },
  {
    "n": 13427,
    "pos_rate": 0.5788336933045356,
    "auc_mean": 1.0,
    "ap_mean": 1.0,
    "brier_mean": 3.090052819656336e-05,
    "folds": [
      {
        "fold": 0,
        "auc": 1.0,
        "avg_precision": 1.0,
        "brier": 2.916844088592393e-05
      },
      {
        "fold": 1,
        "auc": 1.0,
        "avg_precision": 1.0,
        "brier": 2.8659974412404427e-05
      },
      {
        "fold": 2,
        "auc": 1.0,
        "avg_precision": 1.0,
        "brier": 3.10424121840348e-05
      },
      {
        "fold": 3,
        "auc": 0.9999999999999999,
        "avg_precision": 1.0,
        "brier": 2.9684196386139395e-05
      },
      {
        "fold": 4,
        "auc": 1.0,
        "avg_precision": 1.0,
        "brier": 3.5947617114314226e-05
      }
    ],
    "file": "Grade_4.xlsx",
    "sheet": "Fr - written",
    "grade": 4,
    "subject": "French",
    "modality": "Written"
  },
  {
    "n": 24470,
    "pos_rate": 0.13526767470371884,
    "auc_mean": 0.9999990005653945,
    "ap_mean": 0.9999936579937723,
    "brier_mean": 0.00022653678767343218,
    "folds": [
      {
        "fold": 0,
        "auc": 0.9999996430590694,
        "avg_precision": 0.999997721607816,
        "brier": 0.00024991475388799343
      },
      {
        "fold": 1,
        "auc": 1.0,
        "avg_precision": 1.0,
        "brier": 0.00017944020315318221
      },
      {
        "fold": 2,
        "auc": 1.0,
        "avg_precision": 1.0,
        "brier": 7.31948521608894e-05
      },
      {
        "fold": 3,
        "auc": 0.9999953597679028,
        "avg_precision": 0.9999705683610454,
        "brier": 0.000539855845545826
      },
      {
        "fold": 4,
        "auc": 1.0,
        "avg_precision": 1.0,
        "brier": 9.027828361926974e-05
      }
    ],
    "file": "Grade_4.xlsx",
    "sheet": "Ar - Oral",
    "grade": 4,
    "subject": "Arabic",
    "modality": "Oral"
  },
  {
    "n": 23986,
    "pos_rate": 0.2801217376803135,
    "auc_mean": 0.9999984056579644,
    "ap_mean": 0.9999959259557007,
    "brier_mean": 0.0005628285196413597,
    "folds": [
      {
        "fold": 0,
        "auc": 0.9999965533405024,
        "avg_precision": 0.9999911848197583,
        "brier": 0.0008230290697159523
      },
      {
        "fold": 1,
        "auc": 1.0,
        "avg_precision": 1.0,
        "brier": 0.0003699349566037915
      },
      {
        "fold": 2,
        "auc": 0.9999991380855846,
        "avg_precision": 0.9999977892714946,
        "brier": 0.0005517961912418733
      },
      {
        "fold": 3,
        "auc": 1.0,
        "avg_precision": 1.0,
        "brier": 0.0003374183487308425
      },
      {
        "fold": 4,
        "auc": 0.9999963368637348,
        "avg_precision": 0.9999906556872507,
        "brier": 0.0007319640319143393
      }
    ],
    "file": "Grade_4.xlsx",
    "sheet": "Ar - written",
    "grade": 4,
    "subject": "Arabic",
    "modality": "Written"
  },
  {
    "n": 21025,
    "pos_rate": 0.6329607609988109,
    "auc_mean": 1.0,
    "ap_mean": 1.0,
    "brier_mean": 0.0015928143476789621,
    "folds": [
      {
        "fold": 0,
        "auc": 1.0,
        "avg_precision": 1.0,
        "brier": 0.0019065657046150092
      },
      {
        "fold": 1,
        "auc": 1.0,
        "avg_precision": 1.0,
        "brier": 0.0014097574926211984
      },
      {
        "fold": 2,
        "auc": 1.0,
        "avg_precision": 1.0,
        "brier": 0.0015046934856635065
      },
      {
        "fold": 3,
        "auc": 1.0,
        "avg_precision": 1.0,
        "brier": 0.0014717602557065843
      },
      {
        "fold": 4,
        "auc": 1.0,
        "avg_precision": 1.0,
        "brier": 0.0016712947997885126
      }
    ],
    "file": "Grade_5.xlsx",
    "sheet": "Math-written",
    "grade": 5,
    "subject": "Math",
    "modality": "Written"
  },
  {
    "n": 9763,
    "pos_rate": 0.15487042917136126,
    "auc_mean": 0.9999899711825486,
    "ap_mean": 0.9999473798664328,
    "brier_mean": 0.0006884778255916006,
    "folds": [
      {
        "fold": 0,
        "auc": 0.99999199919992,
        "avg_precision": 0.9999566457940015,
        "brier": 0.0013531823970156964
      },
      {
        "fold": 1,
        "auc": 1.0,
        "avg_precision": 1.0,
        "brier": 0.00023594354801961058
      },
      {
        "fold": 2,
        "auc": 1.0,
        "avg_precision": 1.0,
        "brier": 0.00031659615981848244
      },
      {
        "fold": 3,
        "auc": 0.9999919727072044,
        "avg_precision": 0.9999567155780633,
        "brier": 0.0009059633777413168
      },
      {
        "fold": 4,
        "auc": 0.9999658840056191,
        "avg_precision": 0.9998235379600987,
        "brier": 0.0006307036453628966
      }
    ],
    "file": "Grade_5.xlsx",
    "sheet": "En - oral",
    "grade": 5,
    "subject": "English",
    "modality": "Oral"
  },
  {
    "n": 9547,
    "pos_rate": 0.49544359484654865,
    "auc_mean": 1.0,
    "ap_mean": 1.0,
    "brier_mean": 7.242351161900799e-05,
    "folds": [
      {
        "fold": 0,
        "auc": 1.0,
        "avg_precision": 1.0,
        "brier": 7.179508564730035e-05
      },
      {
        "fold": 1,
        "auc": 0.9999999999999999,
        "avg_precision": 1.0,
        "brier": 6.639368399252978e-05
      },
      {
        "fold": 2,
        "auc": 1.0,
        "avg_precision": 1.0,
        "brier": 7.253536942249288e-05
      },
      {
        "fold": 3,
        "auc": 1.0,
        "avg_precision": 1.0,
        "brier": 7.624054735001884e-05
      },
      {
        "fold": 4,
        "auc": 1.0,
        "avg_precision": 1.0,
        "brier": 7.515287168269806e-05
      }
    ],
    "file": "Grade_5.xlsx",
    "sheet": "En - written",
    "grade": 5,
    "subject": "English",
    "modality": "Written"
  },
  {
    "n": 11662,
    "pos_rate": 0.1299948550848911,
    "auc_mean": 0.9999954487874406,
    "ap_mean": 0.9999697298307805,
    "brier_mean": 0.0006159324139466659,
    "folds": [
      {
        "fold": 0,
        "auc": 1.0,
        "avg_precision": 1.0,
        "brier": 0.00032289379879217703
      },
      {
        "fold": 1,
        "auc": 0.9999951363129361,
        "avg_precision": 0.9999675378544677,
        "brier": 0.0008226804688135753
      },
      {
        "fold": 2,
        "auc": 0.9999837342038788,
        "avg_precision": 0.9998919676482267,
        "brier": 0.0012457161763808355
      },
      {
        "fold": 3,
        "auc": 0.9999983734203879,
        "avg_precision": 0.9999891436512073,
        "brier": 0.00043667867175413503
      },
      {
        "fold": 4,
        "auc": 1.0,
        "avg_precision": 1.0000000000000002,
        "brier": 0.0002516929539926069
      }
    ],
    "file": "Grade_5.xlsx",
    "sheet": "Fr - oral",
    "grade": 5,
    "subject": "French",
    "modality": "Oral"
  },
  {
    "n": 11506,
    "pos_rate": 0.52868068833652,
    "auc_mean": 1.0,
    "ap_mean": 1.0,
    "brier_mean": 4.036784968983828e-05,
    "folds": [
      {
        "fold": 0,
        "auc": 1.0,
        "avg_precision": 1.0,
        "brier": 4.062406695325097e-05
      },
      {
        "fold": 1,
        "auc": 1.0,
        "avg_precision": 1.0,
        "brier": 3.655721561133855e-05
      },
      {
        "fold": 2,
        "auc": 1.0,
        "avg_precision": 1.0,
        "brier": 3.8113221339504294e-05
      },
      {
        "fold": 3,
        "auc": 1.0,
        "avg_precision": 1.0,
        "brier": 4.1985314933560464e-05
      },
      {
        "fold": 4,
        "auc": 1.0,
        "avg_precision": 1.0,
        "brier": 4.455942961153711e-05
      }
    ],
    "file": "Grade_5.xlsx",
    "sheet": "Fr - written",
    "grade": 5,
    "subject": "French",
    "modality": "Written"
  },
  {
    "n": 21436,
    "pos_rate": 0.09679977607762642,
    "auc_mean": 0.9999990043779988,
    "ap_mean": 0.9999907819667342,
    "brier_mean": 0.00037026746555386344,
    "folds": [
      {
        "fold": 0,
        "auc": 0.9999981335100278,
        "avg_precision": 0.9999827059433908,
        "brier": 0.0004212379370708475
      },
      {
        "fold": 1,
        "auc": 0.9999975107039729,
        "avg_precision": 0.9999769962906518,
        "brier": 0.0006821014518812037
      },
      {
        "fold": 2,
        "auc": 0.9999993776759932,
        "avg_precision": 0.9999942075996292,
        "brier": 0.00034178873966973197
      },
      {
        "fold": 3,
        "auc": 1.0,
        "avg_precision": 0.9999999999999999,
        "brier": 0.00025390448479929614
      },
      {
        "fold": 4,
        "auc": 1.0,
        "avg_precision": 1.0,
        "brier": 0.00015230471434823808
      }
    ],
    "file": "Grade_5.xlsx",
    "sheet": "Ar - Oral",
    "grade": 5,
    "subject": "Arabic",
    "modality": "Oral"
  },
  {
    "n": 20997,
    "pos_rate": 0.16016573796256608,
    "auc_mean": 0.9999998314368576,
    "ap_mean": 0.999999117514524,
    "brier_mean": 0.0008381296108439754,
    "folds": [
      {
        "fold": 0,
        "auc": 1.0,
        "avg_precision": 1.0,
        "brier": 0.0007450479261597754
      },
      {
        "fold": 1,
        "auc": 1.0,
        "avg_precision": 1.0,
        "brier": 0.0008726582846797458
      },
      {
        "fold": 2,
        "auc": 1.0,
        "avg_precision": 1.0,
        "brier": 0.000769277711299948
      },
      {
        "fold": 3,
        "auc": 1.0,
        "avg_precision": 1.0,
        "brier": 0.0007080242310335015
      },
      {
        "fold": 4,
        "auc": 0.9999991571842877,
        "avg_precision": 0.9999955875726205,
        "brier": 0.0010956399010469062
      }
    ],
    "file": "Grade_5.xlsx",
    "sheet": "Ar - written",
    "grade": 5,
    "subject": "Arabic",
    "modality": "Written"
  },
  {
    "n": 20567,
    "pos_rate": 0.6336850294160549,
    "auc_mean": 0.9999974028281233,
    "ap_mean": 0.9999985083316985,
    "brier_mean": 0.002516058785777936,
    "folds": [
      {
        "fold": 0,
        "auc": 0.9999984727963023,
        "avg_precision": 0.999999116677428,
        "brier": 0.0022625490083869773
      },
      {
        "fold": 1,
        "auc": 0.9999994909321008,
        "avg_precision": 0.9999997059542645,
        "brier": 0.0026634551881321604
      },
      {
        "fold": 2,
        "auc": 0.9999984717822229,
        "avg_precision": 0.9999991170726944,
        "brier": 0.0026106313950812247
      },
      {
        "fold": 3,
        "auc": 0.9999905786299902,
        "avg_precision": 0.9999946019541053,
        "brier": 0.0024862758556797974
      },
      {
        "fold": 4,
        "auc": 1.0,
        "avg_precision": 1.0,
        "brier": 0.0025573824816095196
      }
    ],
    "file": "Grade_6.xlsx",
    "sheet": "Math - written",
    "grade": 6,
    "subject": "Math",
    "modality": "Written"
  },
  {
    "n": 9697,
    "pos_rate": 0.13839331752088274,
    "auc_mean": 0.9999575895990074,
    "ap_mean": 0.9997916317513876,
    "brier_mean": 0.0006536807426102766,
    "folds": [
      {
        "fold": 0,
        "auc": 0.9999777530094617,
        "avg_precision": 0.9998624641142346,
        "brier": 0.0012080368700598967
      },
      {
        "fold": 1,
        "auc": 1.0,
        "avg_precision": 1.0,
        "brier": 0.00031577855351836554
      },
      {
        "fold": 2,
        "auc": 0.9998124279857445,
        "avg_precision": 0.9991095658073271,
        "brier": 0.0009116163824709047
      },
      {
        "fold": 3,
        "auc": 0.9999977669998302,
        "avg_precision": 0.9999861288353769,
        "brier": 0.0006078980359528756
      },
      {
        "fold": 4,
        "auc": 0.9999999999999999,
        "avg_precision": 1.0,
        "brier": 0.00022507387104933997
      }
    ],
    "file": "Grade_6.xlsx",
    "sheet": "En - oral",
    "grade": 6,
    "subject": "English",
    "modality": "Oral"
  },
  {
    "n": 9491,
    "pos_rate": 0.48319460541565695,
    "auc_mean": 1.0,
    "ap_mean": 1.0,
    "brier_mean": 8.532130769859321e-05,
    "folds": [
      {
        "fold": 0,
        "auc": 1.0,
        "avg_precision": 1.0,
        "brier": 8.588324440333025e-05
      },
      {
        "fold": 1,
        "auc": 1.0,
        "avg_precision": 1.0,
        "brier": 9.651052857471073e-05
      },
      {
        "fold": 2,
        "auc": 1.0,
        "avg_precision": 1.0,
        "brier": 7.822733961094181e-05
      },
      {
        "fold": 3,
        "auc": 1.0,
        "avg_precision": 1.0,
        "brier": 8.413594188872791e-05
      },
      {
        "fold": 4,
        "auc": 1.0,
        "avg_precision": 1.0,
        "brier": 8.184948401525537e-05
      }
    ],
    "file": "Grade_6.xlsx",
    "sheet": "En - written",
    "grade": 6,
    "subject": "English",
    "modality": "Written"
  },
  {
    "n": 11308,
    "pos_rate": 0.10620799434029006,
    "auc_mean": 0.9999884596932759,
    "ap_mean": 0.999911180260274,
    "brier_mean": 0.0005836770445644837,
    "folds": [
      {
        "fold": 0,
        "auc": 1.0,
        "avg_precision": 1.0,
        "brier": 0.0005864314679448328
      },
      {
        "fold": 1,
        "auc": 1.0,
        "avg_precision": 1.0,
        "brier": 0.00013580126737778607
      },
      {
        "fold": 2,
        "auc": 0.9999938406072341,
        "avg_precision": 0.9999489830623767,
        "brier": 0.0011855875045016218
      },
      {
        "fold": 3,
        "auc": 1.0,
        "avg_precision": 1.0,
        "brier": 0.0003264883010984158
      },
      {
        "fold": 4,
        "auc": 0.9999484578591457,
        "avg_precision": 0.9996069182389937,
        "brier": 0.0006840766818997623
      }
    ],
    "file": "Grade_6.xlsx",
    "sheet": "Fr - oral",
    "grade": 6,
    "subject": "French",
    "modality": "Oral"
  },
  {
    "n": 11114,
    "pos_rate": 0.5565952852258412,
    "auc_mean": 1.0,
    "ap_mean": 1.0,
    "brier_mean": 4.1889062808565333e-05,
    "folds": [
      {
        "fold": 0,
        "auc": 1.0,
        "avg_precision": 1.0,
        "brier": 4.091243315248233e-05
      },
      {
        "fold": 1,
        "auc": 1.0,
        "avg_precision": 1.0,
        "brier": 3.7843732770275946e-05
      },
      {
        "fold": 2,
        "auc": 1.0,
        "avg_precision": 1.0,
        "brier": 3.9439745434945094e-05
      },
      {
        "fold": 3,
        "auc": 1.0,
        "avg_precision": 1.0,
        "brier": 4.3595755851367497e-05
      },
      {
        "fold": 4,
        "auc": 1.0,
        "avg_precision": 1.0,
        "brier": 4.765364683375582e-05
      }
    ],
    "file": "Grade_6.xlsx",
    "sheet": "Fr - written",
    "grade": 6,
    "subject": "French",
    "modality": "Written"
  },
  {
    "n": 20958,
    "pos_rate": 0.07973089035213284,
    "auc_mean": 0.9999995343682775,
    "ap_mean": 0.9999946428784859,
    "brier_mean": 0.0003203676030374212,
    "folds": [
      {
        "fold": 0,
        "auc": 1.0,
        "avg_precision": 1.0,
        "brier": 0.00034023462300832486
      },
      {
        "fold": 1,
        "auc": 0.9999976718413872,
        "avg_precision": 0.9999732143924299,
        "brier": 0.00043012871958418163
      },
      {
        "fold": 2,
        "auc": 1.0,
        "avg_precision": 1.0,
        "brier": 0.0002524802285591343
      },
      {
        "fold": 3,
        "auc": 1.0,
        "avg_precision": 1.0,
        "brier": 0.0003007723593760086
      },
      {
        "fold": 4,
        "auc": 1.0,
        "avg_precision": 1.0000000000000002,
        "brier": 0.00027822208465945654
      }
    ],
    "file": "Grade_6.xlsx",
    "sheet": "Ar - oral",
    "grade": 6,
    "subject": "Arabic",
    "modality": "Oral"
  },
  {
    "n": 20569,
    "pos_rate": 0.15426126695512665,
    "auc_mean": 0.9999988213065748,
    "ap_mean": 0.9999935503572945,
    "brier_mean": 0.0005667865283699429,
    "folds": [
      {
        "fold": 0,
        "auc": 0.9999986402697705,
        "avg_precision": 0.9999925521432897,
        "brier": 0.0007375044361041023
      },
      {
        "fold": 1,
        "auc": 1.0,
        "avg_precision": 1.0,
        "brier": 0.0005189054910552454
      },
      {
        "fold": 2,
        "auc": 1.0,
        "avg_precision": 1.0,
        "brier": 0.0004103249137148001
      },
      {
        "fold": 3,
        "auc": 1.0,
        "avg_precision": 1.0,
        "brier": 0.0004665982888478687
      },
      {
        "fold": 4,
        "auc": 0.9999954662631036,
        "avg_precision": 0.9999751996431828,
        "brier": 0.0007005995121276981
      }
    ],
    "file": "Grade_6.xlsx",
    "sheet": "Ar - written",
    "grade": 6,
    "subject": "Arabic",
    "modality": "Written"
  }
]